headline,link,source,region,published_at
"IAEA board refers Iran to UN Security Council for nuclear ‘non-compliance,’ a first in 2 decades","https://news.google.com/rss/articles/CBMiwgFBVV95cUxPZlRYMEs3WFQxZTYwOGNaTXZRbkcyaTJ1MGlQbUFGNzFaRTB5NVFEbmZBemM3TTJDZnllRnphWHNYTm5EcW5LVkFydHdyZWFUcm1nOWVJZFV1Qi1jOUstVUpRYUNPZlhXckR0V19KN0xkLXBpUW1zUkF0NmF0RWk1NlVtSnFvX09yOEE3WXZEcW5veDZJWWFuMzJkQUo3SEFvWVo1emV1c0hfdjRGZFFJVUFsVnk4eDdROXJhd2Y2MGM1Z9IBxwFBVV95cUxOZmZRZGxKcW5wRHAwcWdtMWN4QnNFSHBvVHBiVlRfek9NcjdnZ2hCY0NnX3ozTFhvZG9WZ2xYVzROZVk5SS01a0QzZTFjWFBwbk1sZmwxSkdtZERUdlZidFZxZlFTeEdKcDBwNGsteEU1TkpTT0xrNkc1cktHWlRkM01FeWd2eHR4am9hNUk3X0ZmNnA1Qll3THNVTWZOS3VpQVZ6TGZpRXRBNVgwVVpvVTdqc2dzc09pRXZrUDJDVDRvRHBTRzRV?oc=5","The Times of Israel","Israel","1788999383000"
"Iran war live - Al Jazeera","https://news.google.com/rss/articles/CBMi1gFBVV95cUxPeElHQU5EeXdIZW1xMDE0MjJINFpmNXF1ZnZraXpweEw2TFRqODVHQ3NlcEFoVTZJNjZsXzhKLWJlNS04a1EwSVJIZGZZb3MyampIWXBrYi1URFhGOFdDUEwtQW1DM25SUERtTlZQUUdIMEk5VFpwS1UzZElSaU5jMWI0Q19DdmRCcll3dHVlSEFkbTVTOFg2cXRkdzVKeWVucW5qX2wySWZHYi15NE10bmRTdW1QS1JSS1pMSjh4d01XODFWS1gzYmtZS2FadFNoTHo4UGtR?oc=5","Al Jazeera","Arab","1788999795000"
"IAEA board refers Iran to UN Security Council for nuclear ‘non-compliance,’ a first in 2 decades","https://news.google.com/rss/articles/CBMixwFBVV95cUxOZmZRZGxKcW5wRHAwcWdtMWN4QnNFSHBvVHBiVlRfek9NcjdnZ2hCY0NnX3ozTFhvZG9WZ2xYVzROZVk5SS01a0QzZTFjWFBwbk1sZmwxSkdtZERUdlZidFZxZlFTeEdKcDBwNGsteEU1TkpTT0xrNkc1cktHWlRkM01FeWd2eHR4am9hNUk3X0ZmNnA1Qll3THNVTWZOS3VpQVZ6TGZpRXRBNVgwVVpvVTdqc2dzc09pRXZrUDJDVDRvRHBTRzRV0gHHAUFVX3lxTE5mZlFkbEpxbnBEcDBxZ20xY3hCc0VIcG9UcGJWVF96T01yN2dnaEJjQ2dfejNMWG9kb1ZnbFhXNE5lWTlJLTVrRDNlMWNYUHBuTWxmbDFKR21kRFR2VmJ0VnFmUVN4R0pwMHA0ay14RTVOSlNPTGs2RzVyS0daVGQzTUV5Z3Z4dHhqb2E1STdfRmY2cDVCWXdMc1VNZk5LdWlBVnpMZmlFdEE1WDBVWm9VN2pzZ3NzT2lFdmtQMkNUNG9EcFNHNFU?oc=5","The Times of Israel","Israel","1788999622000"
"With Close Calls on U.S. Warships, Iran Shows New Appetite for Escalation","https://news.google.com/rss/articles/CBMiugFBVV95cUxNRE45TS1sS3dPVjlLNzNEdVBVSE4wUzI2OXZGb2NPbnNhX3dDZmxxeHJlQVZHRTdTaXpyMGhsWW52Qkl6OC0tQ1lUN1J6RTNuRkNjblFKVTlwcmpWSXkyYzk1V2FyeWRCcHZfb3l4dlZKT2NKVHloOTR3bmYxcGVxQ2FfcVR2X19oeV9sb0llNElNQ2VSQlNnTXRrdmdibjZ3eTJhaGdFd3hlV2hhbTJ2NllIbkQybjZTa0E?oc=5","The Wall Street Journal","US","1789002000000"
"Iran war live - Al Jazeera","https://news.google.com/rss/articles/CBMi0AFBVV95cUxQODJQUDc2M2VMQkhxTmxpXzc5cUR1VTl0M0VvbTZJeDVhQ2h2eHBMYVRVeGQydTFGSGNTcVJSZHNxVk5qVVZOOHNYb2hQS3lWbUwza21kUnRJeTEwTHlUbEtzRnpoMlZjdk5pYVI2aUk1cHpTWW41UFo5bVZKVmx0RmVHQ3dNU2ZmdzNzTDZDT2RrSmplRkJEZDFCV1g4cUNYcmxKblBjenhfbGV3Yy1ZQ0xkeWw4R1Utb3lyQ2ZnMDJ0ckUwQnpfSm1sOWh2UUJ3?oc=5","Al Jazeera","Arab","1789002378000"
"Trump says activity seen at Iran's Pickaxe Mountain, urges Tehran 'not to get cute'","https://news.google.com/rss/articles/CBMitgFBVV95cUxQd2tWN0QxamFYdDVZNTZaaGFfa09OdmlPSVdBdWZYeElkZVgzeEZSTE5BdDR0R1pzR24yLU5CTXdqZVZmTUZHNlRIazNCdldxSXRTLUthV0lTS2NvRHRuWjVFTHp5UUtTRGFRZ2twWlYzdGlXQ1JmWnRrLS1UT1NaZjdYajEwcExlczVLWU55VVRSQjhsQm9aQTA4SnhrUE1SMmJaRUttMEs5T1B0OXAwR0NxZngtZw?oc=5","Reuters","Global","1789007100000"
"Trump says activity seen at Iran’s Pickaxe Mountain, urges Tehran ‘not to get cute’","https://news.google.com/rss/articles/CBMiugFBVV95cUxNT2RiTlg0SkwtQkRXSFpJaUJKY0NGNVJZUEdubEczeGZXNmo0NkRYcGdJVkkzY2VyZUZuN3hhTTBZZVZRbDlHTXR3ODNIeG9pWVFjNDNqbER4QlEzaXBLclI4ZTlWdk9Ia1J2N0RwSWNNTHVJaW83Qnoyb0pUNW1JWDBrWW1lRTlsV3Nkdkd2UlRmdDMyWVl3Yk9Ca052ZFEwOTVyVTVlQVFNWGhqQU54R3JEcllTQzZNbkE?oc=5","Arab News","Arab","1789008550000"
"Trump says oil prices that spiked because of Iran war likely won’t come down until after midterms","https://news.google.com/rss/articles/CBMi0AFBVV95cUxQSDRkV0stSVB1ZURVWEVhZFdCRzNydVU4NGtxa0VONVdCejFCRDZrTENEMEp1WXVlZ0xrRnB0blR5QzFaLTIzUE1sS2MwdkdWN1BkR0pRNkJwWmo5QTNjbXN2MmZWRXlBTzc4TUZDYl9NUHBIV0ZuNXpCVlNTWkFOUFQyWnZvQzByZUNGOXRKZ2pRN0FFamhMUkpjdjZPcEJNTTJwbVpFaFlSRGpwc3dvNUFrVGNIbjBuRzJkOGh6b1JZb0RCX3BESHFIclg3T2dS?oc=5","Arab News","Arab","1789008265000"
"Iran, US hit tankers in biggest wave of attacks","https://news.google.com/rss/articles/CBMiiwFBVV95cUxONVhjYzk1OFh1Z2ZWcXU5MEdtTlRMRWRCLVdrWE43ekJEWVRQSGVSSXNfZU50V3FwU25WZXZ4X05jWklJb3JMeF8tMWc5MzhUdS1CZXdQMjRBaG43Zm85ekc0LTFBU2NiWnFkUWROckZ6UWxVOFROZTZGcXk4c3hZMFR3ZTdFbnN2RTc40gGTAUFVX3lxTE8wTWNtZHBwSmVnQUk3WjlOM195ZkhzcXFrSl9qaWUtNTFaaXpoRWdqLWR4dmZmWlRmLWxheDQwUUFYdE1TRW1HMzFRT285SFd1eUJtWlRlR0hhNUJWcXR0a2RhS0xjRG50NTNRaTVDdVJRNkNncXFVeTdRdldiR1JyMFVnVzhWUWdjaDFITzhGOHVaMA?oc=5","The Express Tribune","Pakistan","1789007258000"
"Trump advisers warn Iran conflict may last through end of his term, WSJ reports","https://news.google.com/rss/articles/CBMisgFBVV95cUxOdWNFSzJVZFJwS1dLNHVtWnQzZG9UVW9VaW51cHQwU21NenRpU0drMi05V20ycGo5TXk3WTdfOWx6WVpoQXJnSFh2SFFJSGpQRGlYLTRWUmhKZ3NsdzYyTXUzQUVtdzc4cHdETFlna2RuLXhyaG4tZmZvQTlKMFlBS2ltbWw3UlVzd1dVaHdGcF9aVkJtaUhCYXh4b0NrVHh6MzNYQ2pPUW5sdURfRUxaX25R?oc=5","Dawn","Pakistan","1789006182000"
"PM to highlight efforts to end US-Iran war at UNGA","https://news.google.com/rss/articles/CBMiSEFVX3lxTE5XSWo2NGhsX3owMnpsSmI2MlM2bVhtT0I3dTlZMHpnbjR0M19nMmQ0bHFadENyTEFMdWhDbEtoQXJTTEFOd2Z4T9IBTkFVX3lxTFBJWUU2OExFQ1dUaGdTTVNnMTRtbkxPNTV1NlhkRzB3U1RaOVl1dTFZd3NXSEo1UnNBSUlnbUhnM2lnblJSWlNPNDlJcjlDZw?oc=5","Dawn","Pakistan","1789005391000"
"Trump says oil prices that spiked because of Iran war likely won't come down until after midterms","https://news.google.com/rss/articles/CBMiyAFBVV95cUxQaG84MUFsUVc0WTJWSXlKam53UTQwbl9xVnBjTy1iMURFb2JhVXF0MlZSRkRBM1pBUVhXTW1iZHlzYXN2dmlXNlpsWV92MDV1RjJ1TmxmM0t2WXRqTFRySHJRaEh5LVBqdDVOR0xkQVdMSTBWR2FoaDhaMDliRkVuSmk4cVhtd2thUGw3RDBEUWxLZ2Y4eFF5LWdfaWl2QzBsbThRVVVELVlOOWQ0eDJxVVRzSFhxNTdaLWNFVVN2aHRvLTFrcUJXTw?oc=5","The Washington Post","US","1789009170000"
"Oil surges above $100 a barrel as US and Iran launch new attacks, while gasoline prices also jump","https://news.google.com/rss/articles/CBMi1gFBVV95cUxOdVBUYUludWlZZm9CanJkOWRXX0k0S2RWaDVFaDUxN1Y3TWc3OFJRMllUSFF0LVFSYzZJc3ZRc01aUlhkZmFWdGRmQ21UdnpkQU1kV3VlUlNzcUY5a0R5WDBUYnptVmFfOWlRSXFaNEJCTFlWMUJHbmFtcnNIMWFoTXBNOEp0Zk1KMDlNRUk1SmdVZERETFMtTHBGY1ZnamhRVHg3SENQT0NnS0lDU2VxbzdSTURZTmYyOTZyQXJOdDJFaUpqRXFvU2xpR2RHV29kSzBLckRR?oc=5","The Washington Post","US","1789009169000"
"IAEA reports Iran to UN Security Council","https://news.google.com/rss/articles/CBMigwFBVV95cUxPV3BucVJEaXZGeVFCXzh6OXR3V1NNdU1iUlNsMGJacUxMMUpDV1JZVkdQMFBiV202dUUyUWdBYWx4R2R3ejlSdnZiZi1FSDV4VE5sWkJGTXRaT293aWVwZ0FMYlZuaFBOV0o0UHJIV3FnWFFFNGJJVFN3bldpOWNXX0pxMNIBiwFBVV95cUxNSi1tdUg1LVJtV181U1pDTF96Smd6bGV6eDhhWjBoM0JsU2lGbE9FX1Y5dDlJcjNOeFFSWFNfYWZFcVFDdnpCNGNrVXlpTWhlSWVEcHRsWnFnemhNbTkxRUJpMnhfWWNkLW93MUhfQnNobHh0bnZaT1J2TFpERWxtMkpkRmtsZVMxc2VB?oc=5","The Express Tribune","Pakistan","1789010303000"
"Why is Iran bombing Jordan’s Al-Azraq base?","https://news.google.com/rss/articles/CBMilwFBVV95cUxNR2paREx2S2dwbUdORlFiajZmWGExc3dXWkt3SUQxRjBKcTloRXJFTEhDV0UtZk5WVHhVWC1TOFBsNGZCUFExT1NhX2FMNmF6MklwYnAzODJUdW1PM1liTUlTeU5hZ1NZRWZheEpWVl81eGI5UGRQb2R4cjBSZV9DUUh4TEFVdGZrMEE1bjBUQUpWNUxtVE1Z0gGcAUFVX3lxTE1NZkNaU0gzVmxocC1kMzBPSnFJLU5EZHZkcDVQVDUyQm9ncGRNWDBPeWxKSVExLUxWNzljeDVMUkZEZlpKUzVJdXRmTXJtNE43WUc4dmRBRTNlYmFCdldwX1o5anMzODJidHRSQUdSQzZ4RXZCbEhmYjYxX1FDTTJhZWtIOVRRSEZPUnk3aGVBalZfTWNCTHBYdDY1Mg?oc=5","Al Jazeera","Arab","1789009367000"
"Iran's Pickaxe Mountain sees construction surge as US weighs underground strikes","https://news.google.com/rss/articles/CBMiakFVX3lxTE9MWXV6bW8xdnk2MVZWT24yQ1pGMlk5NmNyRjd0VDkyVVJtSkdaOXFyTERRYkV4YjNGamQwcnRELXZjXzFMU1ZvZEt0SFplRHZ5ZU5kdFVPQ3VtaTRyeVRWNFVyUmsxVFNhYUE?oc=5","The Jerusalem Post","Israel","1789008513000"
"Trump defends Iran war, slams Democrats and promises cash at Republicans' midterm convention","https://news.google.com/rss/articles/CBMitAFBVV95cUxOd0ZpRE1lUUNOMTJHYzZ2UjRuVTlLbEgweXZ1bEV0Uk82QS12RzM3SGstLTd0dzNjcC16N1VIQnRoUndpcmF2RVFrLVYyQnBkS0JDZ1I5bGNLMDNsMTdWS2lrRGxoQ3VtV2lDNmNGZnBaZEFnNDJNUDFyOGt3MGdRT2VDS3VMdExFUS1kLWdaWFh6b2RUcHY5cG1rWkIzUHQ5cDZIRDNXYW14WVpSdkl6MTdTWTA?oc=5","Associated Press","Global","1789011540000"
"Republican Senate Candidates Avoid Tariffs and Iran War at Trump’s Convention","https://news.google.com/rss/articles/CBMingFBVV95cUxNalIzdUI4czFNWm12SUNvb1lsY05TQXNTbVR2YW9fNGZpNjV5QXp6SVF2Nm93aWxEZjNhejdhalZzSEROTlNsWFVzdEY2RWZUQkc0WjVYeGcyandiclRuY2tMbm9FdkxqYlZYX1VQNWNTTWxhZXdNeExaNkJLR3ZhQ2k5QmpMOURadzRzUV9rbXFKWVkxVHM4NkpJV3J2UQ?oc=5","The New York Times","US","1789011368000"
"Trump: Oil prices will go down ‘as soon as we win’ Iran war | CNN Politics","https://news.google.com/rss/articles/CBMiiwFBVV95cUxOWUM0MmtRcGY4clFDNjdHcGVrU3g3OS1naVRsSklQX0NDZ1Y3QnFvbFZEUzM1SU5zamhCQ1FjYWx3OUppQXRoTTBVeDRVMUZyREhHTGRncDczdUJtMWFKMlJwSHlLejhmX3RIaWEyR1BKNXhmdXkyUzdvQkcwVVVUNjJUZkRaekRkelRJ?oc=5","CNN","US","1789010100000"
"Trump warns Iran ‘not to get cute’ or US will bomb Pickaxe nuclear site","https://news.google.com/rss/articles/CBMitgFBVV95cUxNcUJ2T3Y4Sng4SmRodU9GZDNxekVJYVBpX3NTVldrTm5lcU9QdGZhWU1fRGQwNnl3bFZzTGNJSkN6WlM0MVo3MXh4TkRzUmEzLWJNcDJhQmJNRGFZa3NGUTJlbWVaTDBTOU1NZC1PVWdWQ1hLSFVKTGkxRWJZaHBQU0l3MGIxV1RCM0NSd2dKOUtmNjZCTklwQTVjMnQ4WFZYUkM3QzhKZzlYUnNMbWhmN3JLby12QQ?oc=5","The Times of Israel","Israel","1789011683000"
"Iran’s Endgame: Destroy the State of Israel and Conquer Jerusalem","https://news.google.com/rss/articles/CBMinAFBVV95cUxQcjlEUUU0TmFfRUpSOEhNYk9scmhhZGJXYVdJSnpsTkVYaGttSkc2WHVPWFAyQVlGQVFpSy0tQUpzUzFTN0NGVnR0MkNiZFNJbnNZaGVhbVdwRlpBZkFFTHN4VldZUWtUSjd4Ynp3Y01aMHRvMUdnYmtEdUNvYmVESm9kWlUyem45T1l5aFJwMDEtT2lDOFA0UEVGTi0?oc=5","The Times of Israel","Israel","1789011180000"
"Reza Davari Ardakani, Heidegger and the Iranian Critique of Modernity II","https://news.google.com/rss/articles/CBMipwFBVV95cUxNMFY5bF9OemZ4V2V5LV9uNVMtQndMLUY1Rm5zM2laY1BVUGhGTGhZUHRIUjBSLVFSNl9iTGMzSnZKOFV2TDFrbXpjRGVWelVmQjN5eVl3QzZiXzdubXpGb2c5ZmFScVNnazloNG1UUVBHMGlfcUR2OWZ5LU8zdktQMzdfSXJIVzRpcXVYSnV3b1JCMGM3WEZ3NlJHa1JkLTFGUl9ybjkwUQ?oc=5","The Times of Israel","Israel","1789010700000"
"Iran's UN envoy calls sanctions on 27 Iranian airlines 'economic terrorism'","https://news.google.com/rss/articles/CBMiqgFBVV95cUxNSXVvY3FYdXVXQUNDWE1oVFQwTVlGbzYwbU9MZTlKN2YxS3RhVkJmeEQ2ZkVaSVhrWl9LSnBIbUNtMFQ0SFY2a1czWnFzWktjQXEweXZsaWd1YW5HNTlZVnhpU3MtY2JJYXRaYXdSN0hXaXVYd1VkdkZOMGtYQ3o5UHdJZXN2RmJSMER6c1NCcDJFblhESEtheGxodDljSXAxeTBzNFFsQzdUQQ?oc=5","Dawn","Pakistan","1789009955000"
"Trump reportedly warned that Iran conflict could last beyond his presidency","https://news.google.com/rss/articles/CBMiqgFBVV95cUxOTnN4N04yaHdiOElndzE5MzkyNGVaQUdRbTRmTzdobHBxaFNRWXdVZ3ZwWFd2aGxjTC1EdjRzMTA3R2VNZ1pPVzR3T2Q1V1FRZEp1NW4xMjRRVXpNdXRfN0JZRURJMUhlQVJGYUVYV0RieTJfZl9tUzZKcXAzU1JtLURaeE5LZE53MTZib0lacFp5d1dkdjJ6Rk9iaU5MWnR5MHZzX3VOZ0dBZ9IBrwFBVV95cUxOcFNJY1NQRC1qQ3ZiaGZtQ01seW5RUFdwQ0dQNmk1a1ZPbThJUlBLRkdodi1vaGVnNDZ4QUhIOXRNU0ZsSzN4ZmRKS2tPWFl5ME1QQVFKM3pnbFZLOVpobXVPSWpSa1BkRldmR0Q5SG1XTUpCY2kwVFg3MS1TZ0R3VnN1R1JyWXEyekhWdFJLV0ZfaHJYVVNEWkhEWGlRWFRxckwyRXZzWXg3R05zeS1F?oc=5","The Times of Israel","Israel","1789009311000"
"Hormuz shipping traffic in single digits, data shows","https://news.google.com/rss/articles/CBMipAFBVV95cUxPUVBxYnpUdFVwdXRYNTRBMXRlbTMxZlpkSFYwYWpEY1RxeUJDZ0RuUFAtTnZ4d3ZKZGZBT1BFaUMtLVp0dl9iZWhGaTlBLUYyWURZX2N4NVFXQXhlQ05Lc2drSWFzczE0THU0N2I3WHk0VjZzdnlJd0NBRktKVjc1aXJ0WnpHT0FwOG11cFNrSnN1Z0V0aTF1LXUwNXhrZ1lfWkhRYQ?oc=5","Reuters","Global","1789012620000"
"Trump Says Activity Seen at Iran's Pickaxe Mountain, Urges Tehran 'Not to Get Cute'","https://news.google.com/rss/articles/CBMitAFBVV95cUxQRDJreDNKb3VOdmludGNoQkh2NDZ5ZTJWeEppbDIzZlVDdlhROWtaWHA4VkR5OUl3R0RUVTg1ZFpjT3I4Si13OTY4OW5wanVqdERFSWJoeGxVZlZXa29Tc2ZhS1J1MDg5SF8zSFdZYlNHVkg2dmt4Zl9xZXg4TW0xclZYamxyaWNvcFdKWTNKQWdaTkh2cGVRUUg2WEttUTJ0cXdjZ3pwS2pOOGVvMHRvVDNxcFA?oc=5","Asharq Al-Awsat","Arab","1789013972000"
"Iran Fuel Price Hike: Higher fuel costs squeeze drivers and households as Iran grapples with soaring inflation","https://news.google.com/rss/articles/CBMieEFVX3lxTFA1Zl9QS2J0cHJFeGp0Z0V6S2cyT000c1RWRlptd3pYVGxxSU12TGt5WkRGZlJUeGZQWUdJRDl4NGI1WjFTQTRQRzluREtzcV9nV3VHTVNoNVRWdlNKSkx4SU5mRktxTnU4UDRscEdkWTk1dXBBdUdHQQ?oc=5","CGTN","China","1789012320000"
"Trump: Iran war will end right after US midterm elections","https://news.google.com/rss/articles/CBMiswFBVV95cUxOcjdKa1gwYzBfRDRKRnNudjRWODdON2laUlpISVJtOXZITWtza1Rma1pkU3NEdEx1bnEwQkhGbTlOeU1ELXJOQk1acFpwNHM1T2I5cnk2ZVd5RlQxUGZIdEFJRGdud1Rlam15YzVVTWNEa2pvRHp2bkdzUm1GTlhkUUNseWwxQ0hXaFRJX0hHY3ZMN0txbXdHVXdpWE96THg3akZxRzZqTFlnbmx0S2QtSU9RZw?oc=5","CGTN","China","1789012048000"
"Iran is hoping we lose so they can deal with 'dumb, weak Democrats': Trump","https://news.google.com/rss/articles/CBMiVkFVX3lxTE9iNkdSWTdBYjd5Vlh5X3NCWWtwN2t1UWlBZUlxSVVLU2k1VWpyMWtjRnBuTTd6SEItenJDVFFLMVpSNUZlZmxYeHFVX3BDR2FUdE9zWllR?oc=5","Fox News","US","1789013710000"
"Exclusive: This small island off Yemen is now a strategic prize in the widening Iran war","https://news.google.com/rss/articles/CBMiiAFBVV95cUxNY0hLRW9UWGhPeGozbHp3dDNzWTFpQzZEZjgxRjhnYjdsd2Z6TTRkOFQ3OERfMkpDbUFzSzJDWTZZajdDaE5EcmdIWkRDV3dsakRES18yTXo4eURJRkY4MUwtSE10X1IwV3pISEFvNE9ZMUJtOGlGT3FJTzNBVWhhWDNMVHRMT0dC?oc=5","CNN","US","1789012890000"
"Cameras disabled, inspectors blocked: Nuclear watchdog asks for help with Iran","https://news.google.com/rss/articles/CBMigwFBVV95cUxOckhrRFlXM3FUU1lBMWZLSnNhUGJVWTJrNXd6ZDd3dXlSM3NKb0VxUGZrN2VJLWU4NjFVQlRDTDRDNnBSS0Zka0Q4bi1seDFQcFRRLThBdTM5d21HQzlEZmhpelF2OTB2TjJyWmx1VVQxSV91S3BVV1o1LWhTZGNTZjNvSQ?oc=5","CNN","US","1789012889000"
"Trump jokes about Hormuz name change","https://news.google.com/rss/articles/CBMiVkFVX3lxTFBoTktVdElEWGtIRk1JVkpjUUZMRC14bTFEVUJ5a1drYjBDSWlGUExDWnpHMXh5MUxrQ2ZmbFRFSWZzMHlzNVlIQTItNDYxempLNXNOR193?oc=5","Fox News","US","1789012804000"
"Iran sees midterms as a ‘pressure point,’ national security expert says","https://news.google.com/rss/articles/CBMiVkFVX3lxTFByeEVYZ3AxeXlhZ0x6TjE0WDBNdE1tR0xJbG5vbjM5SzVzMVdtUEV2dGtieEVBUHFjbmgwR2lmZ0F5dTl4MW9aYTVJSlpMYzVRc05leDl3?oc=5","Fox News","US","1789012605000"
"Iran explosions were not the result of US strikes, official says","https://news.google.com/rss/articles/CBMiVkFVX3lxTE00Z09Ca1pQQlVSR3dlVEdKRVFvZWZ0TF9JU1o1TWx6Q0NMaDNpdjhMUk1DcjJCMkF5VXlsSkljOWx3RXpuUHM0bDZHd2NFM3ZmUHBIejZB?oc=5","Fox News","US","1789012403000"
"Donald Trump advisers warn Iran conflict may last through end of his term","https://news.google.com/rss/articles/CBMiX0FVX3lxTE5DVjdGaURBUWJsNXc5Q0lKay1kbkt1T3lscFM4Q1NVdE1ZR1BfaWRUNVBmQXNVNjVJN3BoOTBIcGpZQmlZR000eEFHbUFBQkQ2eTlFUHRWeEVLWm5seW0w?oc=5","The Jerusalem Post","Israel","1789015364000"
"Singapore says Iran-backed militia chief who plotted antisemitic attacks sought entry in past","https://news.google.com/rss/articles/CBMi1gFBVV95cUxNY3U4ai15aktmdzl0cGlFd1Fac1JHNE1nVHdGUUNVZzVtOC00UXZzblNCNzNGd3ZPRDljNF95dWlBVk1mbHV2bzl2LXNWTnBoX2E5WGVWUVVTRnBwVG9kX0tWSm5Rbm5YVEYtQXFMNDJScWNlVmxnc1Q2b0tneEVrSm1uY0ROU2lqVmYzZm0tdlhwSWVIRXk5VTNNTGE5alR4VkVKQ2puUFc4dGtTTmJ6NHV5ZVB0U205U2VJRklaUTBlcWcxbU40b3pIeW5Rd1llWnFfVjZR?oc=5","The Times of Israel","Israel","1789015283000"
"Hormuz shipping traffic in single digits, data shows","https://news.google.com/rss/articles/CBMinAFBVV95cUxNZ2JldDRELTY0MEpvSl9fS0JvMnZpV2xNei0xSlJGMmNCdnVkZHM2YXJEdE5wTU5TcTRKY3F3WUxrbm45cVpwSjIxQzhYRFV2TWtUbHBWbURYYldRcGJjMXlEZ1BiSlpUZVVHVU5sd0xUbjIteTlHZnJDbjdiYXNWb0s5d0xlR0JTZVYzczJ0eC14WGdxRFNoZnFBNE0?oc=5","Arab News","Arab","1789014441000"
"Trump says activity seen at Iran's Pickaxe Mountain, urges Tehran 'not to get cute'","https://news.google.com/rss/articles/CBMiswFBVV95cUxQNk9wc0RCQ0tzbzBrLW1Zanc2VGFjXzVDRGdJS1ExUk5KdURBSDAtQlNIbXRUYk9HWjdmUXRNRFVmeGdnUEpCeHY0TE1PUVJ4UTBlbmVMeHlPd0c1MU1XUkExVmR0ZC1XMmJYSk1LR1BKMWlNTkdpbzNtY2E5M29nQW5wQnJiMmd1SHF2MERVNElLSThycXJQSGZ5VUMtMlF6aU93NkZ5MEFadDNEdVVjX1oydw?oc=5","Dawn","Pakistan","1789014097000"
"Oil prices flare as Iran tightens grip on Hormuz","https://news.google.com/rss/articles/CBMiigFBVV95cUxOUUl0ekZERG9icFFzTVZ3aWFad1NYWllaZFROX2htNGNKRXdIMlZISDQ1cWZRaWlvdnRVR0xWdDhMYU1PdFowamdsNmJYRlN1aEVnWHJNMTRKdWkzSEY4V0FOMFd6aVgzRHBiSFM1TllYQWVZa3NWOS1WNER0NXNvNS1kT25YZ3p1SUE?oc=5","Dawn","Pakistan","1789013978000"
"ECB to Hike Interest Rates Again as Iran War Fans Inflation","https://news.google.com/rss/articles/CBMirwFBVV95cUxNd0drbFY3X0hwUE8tSy1IaVI4SDV3S2NoY1NLM2ZScnpFVkxGNEdTOU16b1ozR2hWYmp2dDZvSmc5a2lranA5SXYycVhVZlJXTlJrOFB1Q3hvaUZPSVZYX1Q4ZlktcEc1UVhEby1tb2hGRERXT3RNVjNoMllLVlRLbXVVMkRXZmJzVmttc2FnMGppTW5XaUNJV0lvQzZCald4Y3QwMHJzZlNPSGtWVFln?oc=5","Bloomberg","Global","1789013700000"
"Trump's Iran campaign echoes the post-9/11 'forever wars'","https://news.google.com/rss/articles/CBMilgFBVV95cUxOY3RtVWR6NUtkY0Z0YjY4dEluTGdFb3FsaGFyMFJNd0xucTFzQlJDQ2FZOTlHbFp1OVoyT2tySHdHZklrZll6MWF5VVRxVGJKMXJpOXYza2dMaTJCUk14WWZLLUt1QU5fQjUyVkZhdTFnajkwdEpVam4wbi1pQ283bUMwRzBJN3pkSWFyLWdOLVRZZ080Nnc?oc=5","Reuters","Global","1789016640000"
"Trump's Iran campaign echoes the post-9/11 'forever wars'","https://news.google.com/rss/articles/CBMiX0FVX3lxTE5zdVhEN0V5TFc0anhfbHAyd1MtVUNEaVFCbWtUTzBrQzE4OXFrc0VMSDdicFNkME8xZEEtMjBDTnA0QndUTnpSbnNvWUl2bFE2dG9UcHpqSV9rR3BPellV?oc=5","The Jerusalem Post","Israel","1789019620000"
"Pakistan warns Iran to rein in Houthis as Riyadh strikes back","https://news.google.com/rss/articles/CBMiX0FVX3lxTE1pMm5qQ3AzYXpJWlhaOXNJcVFiOElZR1VkU1hXSnNSRzlkSkc2OFpzcWF3V0JsbGVjMjVVUWVrSmFlenBTLXdDLUc1UVlITzhuNlctWS13UlZjd1BpQUcw?oc=5","The Jerusalem Post","Israel","1789018408000"
"Iran likely to reverse-engineer captured US underwater drone","https://news.google.com/rss/articles/CBMimgFBVV95cUxNZE8xancxQVpwSlpQWjdQUUhFcFVSWE1GenNnOWV3dk01aG4wbHNYY1dvQ1lwcjByVWh5OTZXVDI4bm9ldnJIS0xraE9HeUJ3UHktMXg3Z3Rjd0szNkdMRC16b0kwa1BzWXdQcXpacEw1WlhkdHZMQ3NTSFp2WllDLXVyd3VTN2dEU3QwaU9KWXdsX2pQZnlOZTJB?oc=5","Dawn","Pakistan","1789017636000"
"Watch Iran Said to Be Ready to Escalate War With US","https://news.google.com/rss/articles/CBMiogFBVV95cUxPbE5KeFVRZWhVREJfWTJiMWtPbkNyVmVmaWtnWGlEbURyckhjckM5ck5sVk1ERHRFQ1ZBeXBVNHplcVBOekZsblA4dmkzNXlJeWJwVVJXMFJRUGZyV3ZpNk5JNWZ5dEx2ZTVrVmxPa3ptZWhWY0RfTnQtZ2U3a2FHT1EycEtZMW10RnY0aDhXSGxPeGFpbzhzUHlqVlRjRzg0TEE?oc=5","Bloomberg","Global","1789018957000"
"Iran Ready to Escalate War, iPhone ‘Duo’ Revealed, More","https://news.google.com/rss/articles/CBMioAFBVV95cUxOQ3ZDQ2xXTjVRRzBXbGNHeFlFMXIwMDRHMzBaWFBzVHcxRW1yWTdIR1FvTkl0TkNOWERfRmdQN2t6Y290bHJibEdGUjBMWTVic0p1Yk0tdVpPN3NGTFVvQVlzdVh2RUtabTl6UzR5TkMzQ3VYUldvWkF0Y091aGhaaFN3ME56cGp3UUZNTGMzZ0xkdzZlTTlSSl9ZX1JSZU44?oc=5","Bloomberg","Global","1789018721000"
"Iran barters for billions of dollars of Chinese goods, bypassing sanctions","https://news.google.com/rss/articles/CBMiakFVX3lxTE53R1ZUZ2xGOGRxRlZ2T1dLd2I2bVJXSS0weHo3dEo5VDhqOHRNamdTUHFHWFBFRmRScHVKLUFmNC1GbE0xSGpTUm1PbV8xX1NaNmpsdkNja3pqME1yT2JfV2hVNnBibjRkR2c?oc=5","The Jerusalem Post","Israel","1789021485000"
"Trump dangles cash to voters amid historic-low approval, unpopular war on Iran","https://news.google.com/rss/articles/CBMiwwFBVV95cUxQbERkc2JmRWh1NUpQM1d0dThSeFJQUzExaDJ6Zlo0MmIwMW1LUXg4Ykh3SlhWWkJFd1VxZTZ0YmxlME5LLXRMVHFIbHRaVWkyZ19hMFBpcW1LUHBqajcyZ1JpWHRVbVkxVnU0dE9vYVFkZ200bExPYUV2TDlPbmpLU3Z0UFpfbVVrUDcxN051TE5fWl9ORkhBZ0xUS1hnM2VCa2tYNUFPdEFFX2dZaElpc3gwbndqZWVJNWpuSl8yQTF0eWs?oc=5","Press TV","Iran","1789020420000"
"Several US fighter jets damaged in Iranian strikes on Jordan: CBS report","https://news.google.com/rss/articles/CBMirAFBVV95cUxPYzVOYW9wN0c5eDRBWVAwZmhOTlNaLVpFVUh2U3RxT09HUk1xNFRIU3dwelVwYlRUdUpUdXlfOG5LNGVGYU1yb3haTEFsUHlvX1M5TWg5VkhsYk5MdTQ4WVhsUEkzRFhxUnJfTEZzd3d4YllwUm8zVnJNZXpKdnNsVm1jOEpwRmdvLXMybGctWFRLUXJaLXh4Qk44aGNXbGJpMFhQRXlXdTQ4VEFm0gG0AUFVX3lxTE5aS3dWWkpZOHMxUlFsb3VyTlY0cmh3YnVZa05xSzFhaHdqeFZxanBHcEllQkxPSUpGYTJ0YngzSFlfQkZDMHRiYlgwNmFKM25wYmx0LWhIZHVkYTREOVB1aHplZEZzeEhzRHV6aklpaVM3WUZNRUZDczg1X2FfcWZqYjBTT3QyYTlEY0NjLXo1TzF2X0ZGSjRRT3RCUHp3ZmRGamRqRVBBRVVmRmVrVTJsUVhuYQ?oc=5","The Express Tribune","Pakistan","1789020404000"
"Trump says activity seen at Iran’s Pickaxe Mountain, urges Tehran ‘not to get cute’","https://news.google.com/rss/articles/CBMi1gFBVV95cUxNRUJiRGxtM2FYdUVJa2hNb0ExeElQbTQtWHl2aTdiQkVJYnNIOEQ2OWZCUDRjMXowT2hYZUZySVlRenJDRVNoWE1tdGF3cDdzNEt6em0zU3JfcVlmbjEzWDRFY2ktNVJzbERnZnp2bzVVVW9rQWVqNFdUWFl2WnVSMld4T1A2MlBIMXJhaHJITmhpWFpKMF94ejRnLXotZFJua0pSRk5JcmRVcDc3cHhGWVBIWWh5VTRBTXNaLUV5QWs1a2xFNFoxZ2xWZ3ZVZXQyNDF0SmJR0gHbAUFVX3lxTE01d1hIN2lNUTVocXJGVHRyQXlwemc3NVhXRzRyVFNNZkdUZDhQUFRZVG0zUXdUZjhWVzBFQXBvdEJmOUVMc2ljcHdFaEdCWEc5S0lnRFh0YTRzOTJaa2lrZVBncGtoZzJpSDFJQWs5ZWE3VEkxcXdpUERWYUt2ZS1BeG9RWXctVWNfTGVuOGM3S05PbG8wUUduZDl3SWh2eVhybEtkekRCWXpfTUNMTjNHaV9iSm9jWDVwbHJmYUhtSy03N0xLRlBabDhwNTlEMHNhQll2MFRBaVNkZw?oc=5","Al Arabiya","Arab","1789019280000"
"Several US fighter jets damaged in Iranian strikes on Jordan: report","https://news.google.com/rss/articles/CBMiowFBVV95cUxOVWs1VnlucGRDSXBiWHVjbHd3bXY5Ni0wU2k2WUtpLVVLTkl6bzNHak5XWmhjVU5McjdPZkNUbWFHT1BBamtOY3JwcVRFZXQ2cE1UWkx4QjhpOS1TeFhXQU15ZzdoMzBsR2FWQTVVS2huYVdMWldRc2lRRzVlaFk0S1A1Q3R4eGxHemx5UXJCb2c4VjNsR1lwSFpqUVlXRXplUjRR?oc=5","Dawn","Pakistan","1789019104000"
"Supply squeeze in marine fuel eases as markets adapts to prolonged Hormuz disruption","https://news.google.com/rss/articles/CBMixgFBVV95cUxNQk40cFBfcWRKYVBUbTZlamcwWEdZUm9hZ2ZvUUxzSml4dEhhdG1zSVZ4b3hmZTNTQVpEREZwUHNhMHQxS093YmtyaVhQckVFazZaNG5qOEswcG9CTmVucGc1QXNwRkdoUjF5STI2RXVxamh2WE5uVDJNWjdqaWFwSGJhb3c0RUVEUEFQYkl6MktDdmNudEhldFFPWXJ6V1RDaWtQTGhfTlhQMGpzRXQyRDRtbWRndHZXakVlZXZmeVA0SUJaelE?oc=5","Reuters","Global","1789021080000"
"Trump says Iran war to end after US midterm elections, threatens to attack Pickaxe Mountain","https://news.google.com/rss/articles/CBMiyAFBVV95cUxQX1VBYmFiQnhuQWRpWDFRNjQ3ZzBFUTEzUmxneFZQTmtfOHducTVIZlU3LXFwRjVSbS1EYTNjMVY1dGlzODdfblBPSzFqWm90bWhfeFBUVVlDdjN2YUFoS1VNekY4U1VHcW1WTXQzS1ZTYjI2YzZ1OFFaZzJMZm9DTEpWY25jMlJsOHNUYklSbkR3Z2pNc1ZUcUNhN3VnWHdIV2U5RklKVldodktsWE5rczRlMVFfZzJZV3VJSzlhdEpRV1VzLXc2Sw?oc=5","Reuters","Global","1789020780000"
"EXCLUSIVE: How a billion-dollar sanctions dodge kept Chinese goods flowing to Iran","https://news.google.com/rss/articles/CBMivgFBVV95cUxPQXdBWlltZS1pUU8wZnFqc21wUDExNGZub0prbEtxYTNwS2J3UU91eTQ4aXZTUGNwWjdGZGxVZUNiY2dHbXVNbl9tNE4zSlVqVDJaZFlmMkZ6Slo3RndJczlqMTlsYlVGOEEteGNreDFjR0JabWhJaTNCTHNtUUozWDFVSm56QldwaXFjbnBQZWlxdGtsVFdmcDFDTHNjMzBaN2NkNlNzUGV0MXhZR3hBdmFUMV9LLU9ZYWxBTW5n?oc=5","Reuters","Global","1789020300000"
"Iran using barter system with China to bypass sanctions, sources tell Reuters","https://news.google.com/rss/articles/CBMivwFBVV95cUxPT2hSVVFZTVBmRVdUd3ZPT3JBVWFPekFrQTNHSl9nX2cyb2drWW9hZTdzblRPRW5ra1RoMy00QlBHMjdYNmxnck5LdlQ4bHFlVm8yaFIxZk5MdEw4MlduQkhnV0FXTU5sUFpSRzdLTGs2T1duN09fc1oyOVBtSmk5SUNXSWVvT0NjRTRlSW9wNDVlRzQtV1NTR19WZUlqYmJsWjJLcXdqNEtRQjBYX3JnQnhUQy1NMzNZeDBGaDAwVQ?oc=5","The Times of Israel","Israel","1789022785000"
"Live Updates: Latest from Israel, Iran, and the Middle East","https://news.google.com/rss/articles/CBMif0FVX3lxTFBHb1dHMVpJR2NWWmFSbnhCYjYzY2lxUVpXOUVIMGMyODU1V2dFRy01R2xpV2M1N3FvZ3RnX1JLcHh5a3dyaktET0dtNlM4cFhKbEZMbHVZOWlEWDhBTHFzS3J0T0dva1phVDJDaTlIV1ZUX2RtU1A1c3dZUTVJSWs?oc=5","The Jerusalem Post","Israel","1789020005000"
"Trump says US will call Strait of Hormuz ‘Trump Strait’","https://news.google.com/rss/articles/CBMilAFBVV95cUxPcjJxTi14YzBBYTNHck4zQWIyLU9uTUhlOEEtbnpBZUpSUWM0R1M1ZG9yajhiTWlGd1gySXBlOGhtYXlHUVlsOW1KVEcyNmJJTER3RlpDd1hmVTdaWExyQ2Z5azk1V1FNU0VyNFlIbVVlNDk1Q3Bibmh5WHFkTXd3TmZRSm1GZVZpQ0VfWURJbWw1UzZ40gGcAUFVX3lxTFBwaFlmNF8wNTJCMnV6S3NjUFhNbFYyYVpoY2h5cUF0S0hmNjQ3MnNYdnZHS0pKQXRGd05vZzNodTdyanhKVk5qOXpjM2c1aTlpNTc1UF8yUGZ5aWo2ZFNEeFo3SkRONk1Oay1NSVhnQ3ctbHltUHZ5QjJxTTVxYVNrcW5JMXR2QnRLS3YtN3pFV2M2VWJhdzVtUWFmMw?oc=5","The Express Tribune","Pakistan","1789025181000"
"How a Billion-dollar Sanctions Dodge Kept Chinese Goods Flowing to Iran","https://news.google.com/rss/articles/CBMiqwFBVV95cUxQQURlb1ZYQktBLTVydTdGaDc4aEVqNVpmd3U1MWJPZW1mb0o3NVdNOTE2UlhRWGlzVmNoXzhHeG94aHIySGxoUFZKUjNLSTgxZlVsQlo2SmJyUDBXVUNPTHVyel9MTmJrN0V4N3Q4c2FKQzN6eXJfRmQ3TmlpRnpDQ0hMZlFoT2tuSHFkT0JWR01FX19WSlk5Q3Z1YW5aZWJuZ19kQzRYQjJjWk0?oc=5","Asharq Al-Awsat","Arab","1789024471000"
"Trump Says Iran War to End after US Midterm Elections, Threatens to Attack Pickaxe Mountain","https://news.google.com/rss/articles/CBMiwwFBVV95cUxORDNmVHhSdlR5VHRuUEZpTkY2UWxpZDhjOUk1eEQ4MERYQ1I0eGhKQUE4by1oUWE2Z2tNcVRRS3hURGk2Ym11U0FwbVNvWm1JU1hMLVN5SEdfcnFQdlp1UEtPdmJQY1R0U2kzaHBnQ0kyZ0twWnY2VEZzNDlHUzlxSlVUcTNhYlBBVndCbmFoaWNKTFdoSHVod2Vva0hVMHAxcnV3cEZHMmZzOV9GdHRQc0k5QmFuY3dKS1FUNnVXdHZfTE0?oc=5","Asharq Al-Awsat","Arab","1789025699000"
"How a billion-dollar sanctions dodge kept Chinese goods flowing to Iran","https://news.google.com/rss/articles/CBMixwFBVV95cUxPZl9RY05mcE53STFENE01Tk9oMTI3MFlwRkNMVHJyNkZMZC14RmhENVRmd3gtWWk0aVhkNk1uT0RXNTV1blVmVWhVY3Q2aU5CUzZjRmgtbEN1empWcFFJRExmVmlEVUFRS0lZc1NnTzZOM3hNSjBEUTVCQTk2cG1ZUU1jMEFMak4tb1Rhb1lvNTNDY09td2lCRGRZdU9qN0E1bjZaVkxjX0wwVk1DQjFELXhvaG9rbHlnMHR4VzI2d05CajJ5b0dv0gHMAUFVX3lxTFBPbkZTWkRlLVdiczJzYlBMeVlfLW9FT1pQZ3NxNTZJSjRiV3dqWlNMLWRLaXNIVFJDYjM1QnpYT1cxNjF3TzktYk4tWFNmNmVnd3AxclZVYmdTYldLU0t1UEN3Z085ZFR5N1hBSHAwZWw1cGowRDl2OXZ3RzlZX1F4Sm1WeUREYjhLdnp1RUtFSFI0RzZpX19PSGJwd3BsOHVQY3k5Z1pWR0lFYld5WjlFNmNUaVlFMTNGYldXRmREWHo2cnNzbnRZeXNfOA?oc=5","Al Arabiya","Arab","1789023900000"
"Iran: Ready for Intense War, Trump’s $5K Payout Promise","https://news.google.com/rss/articles/CBMiogFBVV95cUxNOFR1RTNHcTBfVVh5cVd5MjNScWlYUXp6TENTeG5qT0oycEFhajBHc0dNMzhYSVZtV2diM2YzdDVaMDFaNXlEOWt6TGo3VGRVeS1Rc09iVlh6STQ3TEpQUGtKeTYzQTFGZEVTaVJmSGExVDFYaUg3UXg2RHEyb0wyNEFkTm9TZnZYdjB0WENRRmFEZjZmMjY1MkV3TzJ4YjdEWkE?oc=5","Bloomberg","Global","1789026668000"
"Report: U.S. Aircraft Damaged After Iranian Strike on Jordan Air Base","https://news.google.com/rss/articles/CBMiggJBVV95cUxQYWdqQjBjN1VCTVVHNGtWbEx5M0ZrendkMVE4OWtBYjNLaGM0djl6RHpWSFhwdWpueGFGRDVNODI2clo5VVlzN0xSbEhFOHVwS1ZzUllmZ21zSkRTdHd1ZXgycThvamk5YktCcEwwd1dVLV81aFczT3E2TjQwWWcxOTc4S3B2OS1qakNzUWZxcDZvVC1tX0tkaXJXUHc4Q05iaTVqU3F3VlBHUy1mbXZ6X3c0LTRIUW1OQXNsR0FJSWV2a3VnTjNnNU5uV282dVJKQmRSNl96ZVNQdEo1OENlOEVfbEZlWU4zZFJoLVFHdk85SnBEVW1pak4xZWZjeks0OWc?oc=5","Haaretz","Israel","1789028820000"
"Trump advisers warn Iran war could last years: report","https://news.google.com/rss/articles/CBMikwFBVV95cUxNbnNtZFVNcUo5Y0gxS2hfUHF1TGt2cG5ucDlfR0JlTllXTlFQejV4QlJ6YTVENXNOS3o3UFBvYnp1ZTdIYVVRZDFTZ1Q1d2Z2dHg2b0Jld0t3YWNwdkwxWl9jbFpRcEpZeU1TWkw5SmRTYXZBMUZlRHBDYzRBXzkyZmFZNkdzRm9ydVIzU0k0WWFvTGfSAZsBQVVfeXFMTldvS3NOYVYyY1E0R0ppN1NWckY3M0p0di1od01Oc3NSZXZWbC1LVGxmUE1hVnlFTmtYaFFwek9HN2JNZ2JKN2Rlby14RDdWRzg2Vi1lT0lrWG1CZGVfYmI0SU9WdjdZYjRSM3Y5TVB3ZmRwY1BMYlk5MXpyQVVrSmpOOV9EbzcwS1Itb0Qya1NDcnd4dTdkRWQyNkE?oc=5","The Express Tribune","Pakistan","1789028047000"
"Internal White House warnings caution Trump that Iran war could last years: report","https://news.google.com/rss/articles/CBMiqwFBVV95cUxQUFA4aFJVeldMSWdjMWhUa01sbzNpS081MjZadkRlTU5kOEJVQmFhVmFYSUV0c0FVNWtBRENBVThxeC1xYS1tMXk4Q0FqV1BhZTk2cjlSQndkandQc2ZaZ0NmMDh2RlRVOHlRMkN5WlhsVDJFQjZtbmxVdzJCeklZaTNnVzgxMkc4OUVObERfRElwdWo4Vl9vbmpyanV5azhtRTZMOUlJN3oyUVk?oc=5","The Independent","UK","1789028400000"
"Wars pose a test as India hosts BRICS summit with Russia, Iran leaders","https://news.google.com/rss/articles/CBMitwFBVV95cUxPcXh5eGZrS1JsOEZCS2VkYVA5MGxtNHRPNFJJOEE4ZGtoZXBBdUlwUkY1cEFRZVl5Y1hmWTcyTG0zczBzYl9aRmFtcEJ5emdldzdlZFNKR1pfbFFyaWRPVFo5N2c5ZEgyU3htWU5sU044VThweXJjUWtXclJxTzIwR0xDNVZmZzdSQ2JSYzdKMWlJa2tzLUY0VWRia0I2N09lNUFiSFA4Nm5mOE05N3NIazJnUnRGZWc?oc=5","France 24","Europe","1789029915000"
"Most Gulf bourses ease amid escalating US-Iran hostilities","https://news.google.com/rss/articles/CBMisgFBVV95cUxNQUdHZnFDeGVoeDFqb3Z0RXMtaE9hZmtLS0h3c3RHc1M4MHdQLVU5amQ3QVVGV3lsbUMzdUYtUWtyX2wtZHpZbzRLMnpZOEsyajdRMHFhMnBBZ3JRTWI4OWVXZHlMdTNySS15SWJhMElFZU9MZ3l5VkY4RFpDNkl4b1M5M2ZONjRna2NhRVh1bTNjNnhNaFY1cXQ0eHY4ekJKOTZKUDFXUDNOZVhraWVGbktR?oc=5","Reuters","Global","1789029366000"
"Yemen envoy alleges Iran using Houthis to gain control of Red Sea shipping routes","https://news.google.com/rss/articles/CBMitgFBVV95cUxPNDZMS0JaODgtbEp2WlFwX05QZjcybXVKYlc3LS1fTUpvWjVFenpjdE45NHFsU3dGV1V4bHVuN1pfM2p5RDFCZnAyMTVVVE9kbmNJVnJrMmEwVGh4SS14ODNVUGVPSm1zRFNJZW1zemVRV1Q5dVV0OFllaVNfbnphSW4ycWVwUTNaWlg2R1BLMzNEbWtEMlJSdDhBX2dSS3lodXdfaXdRYUpxMGd2NFFzc3VJdW1XZw?oc=5","Dawn","Pakistan","1789029964000"
"Strait of Hormuz shipping traffic in single digits, data shows","https://news.google.com/rss/articles/CBMiuwFBVV95cUxQeklYeHVvZU00dTFmUk5meUQzNDZoUEcyQ18tOEFQUzFRczVHd1JzQTdwbTNERXRPbXNsYS1ZWFl5dWtFQllFWER5Mml4NDBkZ3hwMkxiR2tvQ2xueFd5Y0htS1Z3aU84N0FJVmNRV0FqdXlFdXE2cmZUel9pR1dyUjF2OHItTHIwLVFHZS1QUXQxQm1Nc0NqbWpsUFQ5aHRRcUI4MXZmX0EtOFZDbGVCUHgtTU5RYVUtMF9v0gHAAUFVX3lxTE55Xzd2d0VjdzRrd0V4OG96amxHY3VXSFlKVFlnMk9zOEFYeGVZdVoxOVJKUjhGajFRRjl3VHQ2UUVaYVJQcVNOMmdRRF96b2JNRVdUVDN6YllyLThudG51Q0lZOFFFTjlYTHFPZzJRMlZJSUhzaXFvMzNvUnZaRFlSTU5HRU12dW53SVliQnJXX2w3aXRaNVg0bXhKeW9kUDk1NzZIc0hjcnRIaDFjaWI1LVlwdDJMVWRvdmd3SjdDZg?oc=5","Al Arabiya","Arab","1789028340000"
"Oil prices surpass 100 dollars a barrel after US strikes on Iranian tankers","https://news.google.com/rss/articles/CBMimwFBVV95cUxQVy1BQnFTbXVnQUtvVzBUVURoUk9NWk5DNVJYZF9FSzM2Y01SSHdENkpEeG9rdXU4Z2dzVXkwVkFnVW1sd0xlNFBDQUZMWHEyaFR1NFFzaXAtb3RkWDVuVlA2MGVMeTVSQnpvM2RkSGZNYWw2VGJtV2VZdXBtdTVIRTl3VVZLbFBLdGItaE5YT09yeFNobWRfaFBtaw?oc=5","The Independent","UK","1789031520000"
"Trump’s repeated threats to ‘wipe out’ Iran are normalizing mass violence | Mohamad Bazzi","https://news.google.com/rss/articles/CBMifkFVX3lxTE9zVVRpVlZNdEtUOENUTENwZHktbDA0RzhwaGZmTzRyOXRpZ1l6S1puZnRUbFd1SmdpV3VaSy04bGcxVGtpRGJsb001SkpQVUlZRHVuV19nYlppdjZYVXVmWTd1bjRoel9tYUE0UWEwT0xIM3ZuOVowUWdPLWpTUQ?oc=5","The Guardian","UK","1789031280000"
"Trump’s $5,000 Payout Promise; Iran Ready for Intense War, More","https://news.google.com/rss/articles/CBMirAFBVV95cUxNSVZBVGZ1VEY2bE5kZ21jN2tnZHIzakpjN3NpeFJwYkZkYTRtZ3BUbWJDbmtxYWFuWUdaRjRSanEwYndHa3B1ZF96c2NKb0htUkpObEZHbVN0NUdFYUQ2WEZOeEVZRktueUN2VEkzZkpFQi10QVhxTTFIX1o3VTE0WWtvcmEzcEZEWmtnLUV3MHhfSUxnZ0drUXdiSVpkWFhaSkFPQjN4cFVwalNy?oc=5","Bloomberg","Global","1789032581000"
"South Africa's current account records Q2 deficit as Iran war drives up import costs","https://news.google.com/rss/articles/CBMiyAFBVV95cUxOWlRDcHgyOVY3YkQ2Y3pINzV3LUh4Wmthb09HM01ibXRBX1ZnX29LZXp2aERSMnhRSmJKZk9KeHlFWG5JX2hORDJ3X2VoSDdRcVRSLWVGdmUxY1lNUHRuZ3JJaHE4WlVRTW1meWdkVmlRdDZNMnNSV2cxN0xHa1ZFd0R6aVdQcDJ3cUJVLW9qeUNJSFdXbjZOSkIwcVR5WnpnN3hVV01iLTRXYV9razlzZUxlWTZGVHdsWnJSU0FmYWhqaENpR01SRA?oc=5","Reuters","Global","1789031143000"
"Top US Lobby Firm Had Hidden Ties to Iran, Russia Oil Tycoons","https://news.google.com/rss/articles/CBMizAFBVV95cUxPbTdlOEhTZ0pxdnZaWlBqamE4MFlTemE3aFZ3NVNnWjlmdzR6enhxdHZPSXB5Y19mSkswRks2VWdOdkdaS3N3RUNZU28tUzJJTFZUWTl5UVl5NEpiUWJGd2xjOF9Ud3FESDBpTmZpR1lOOW5oZzVpZ3VhY3JyaVc2cjduS09LRlJfdUF3VDlURnpCbm9oRGh3aWt3WjBxRDZjLTBhQ2ZSYVlfTXBVM2RlU09SeGFOeVFWMW1XN240LWJBSjRRamo0QmYxcmQ?oc=5","Bloomberg","Global","1789030804000"
"US military aircraft ‘attacked by Iran’ at Middle East Air Force base","https://news.google.com/rss/articles/CBMinAFBVV95cUxPOEE0U1loSFB0bDJCNFhjU2cxRjFRM0FYM092NWJXemplV1Q3MUxlalZVUlA1VDE2S2d2NURvVS00aUlkc3JzVHAtVVFjMmRJTlB1MnNlWmE1eTJrQXljSnVja0tobDJuNUFaa1JGZDJ4Mk83SXRsNll4NDd3LUlfSTc3OEtXVHRsRUFvUVRhcW0tVWt2NVppX2hrd2E?oc=5","The Independent","UK","1789032840000"
"How Yemen’s Houthis Are Raising the Stakes in the Iran War","https://news.google.com/rss/articles/CBMitAFBVV95cUxQZU5DaGpPSmxIbm1KUXNPN0JCZnp0NGtkZWZLdGhydUN0TU1Fb0ZSNjJrRk50Y1lucmVpb1BvX0NhaC1sdTdaY2ZfU1NnMUh0X0ttZFFVa0p4QjZVY3FtRWREYUhzYUlJZ29GVGt5cTdRZms0Z190TVYtbTdhQVJHMEtseVRDbkJUXy1SNlRzNUNJMXVuWThiNmFWUE5OTktINGZnLTBxcWg4cWFnRmxFdkpjbXA?oc=5","Bloomberg","Global","1789033445000"
"Analysis • Saudi-Houthi escalation threatens to draw Iran and the U.S. back into war","https://news.google.com/rss/articles/CBMijgJBVV95cUxPWFMwWmVwWDlPNE5pVnFfYUhQZkUzZFZnU3NmSW5JSUpqam5RZUktc2dGdC1XVFhrYy0yVTZORGY4bTFiUElCQzllMUsyNHE3Y3BQNDNSVmRqZ0NQd2xGaDljV3htaThiR3E2blBvZHBoYVhjODdnS2pseXFVWHliU0dTNzdqNlFSNXZKbXRzRVM2OXh1a1NpcTdEaTdsSWRESkRSSmJnQlJzQkNuYmtLaHBxWEZBbnlIN3hWMTVVV2ZRekFOVUhiVTFzYW14Qkp6emZ6WC0yMnlIa19qczZYdGxkb2VBMGJJLXhhZW1Tb3RRSnhWeXRFY0JzU3ppa1NLa3N1TFdvNURPRnhpb2c?oc=5","Haaretz","Israel","1789034460000"
"Iran's representative to UN describes US sanctions on Tehran's aviation sector as 'act of terrorism'","https://news.google.com/rss/articles/CBMiygFBVV95cUxNX2xDZDVfbWdjTjFkcWtzMWNPYlhzVzN3NnM2U29EUU4tWUZpTmdrLV9nek1xdkI1aXRCNWNDcmNwbGd2T2VaU0kybl9IVXR1eXpNVEJkQVpVWk1McVl4MHVrMHFVVzNpWUV6cTFRWkl3QU1YR1BRVU1aQ1I2OXBpQmhtZDkta19kaW5tTmhIc0pSRFRVZVh3b3oxUzZxcDQyYXBGOUNGQTloMnctR2NTM1QyUkJEUXhWS1ZwcTFMcXVETVkxd21pb3FR?oc=5","Dawn","Pakistan","1789032675000"
"READ: This small island off Yemen is now a strategic prize in the widening Iran war","https://news.google.com/rss/articles/CBMitwFBVV95cUxQUW5OdlJ6TEhHMmhFaS1ESjRDdlRXX2VKVENoMkN6UXpCZlRrODJCVUhnTFpxckxIeVhMbGRnTVkxVFRtU2x3eWxhaFNqWThkYTVVN0pmRzFEb1lKMWtEWDRxejQyX1NQN00tVVZjeXpTcWFhTDlnMTgzMnRiSFdKRkFQYjhxZnhYVHVBN25IbUVDU0VRZzNZTGVta2IyVnRNUHNnWWdvYXZ3bE9rWWJDRnl1ZEIwU3M?oc=5","Dawn","Pakistan","1789032258000"
"Why Regime Change in Iran Remains Elusive","https://news.google.com/rss/articles/CBMif0FVX3lxTE9YRFBONWtZVER5YzhaRmxuX21EQjk1OVBwZWJPUlByNXVXckd0dVNRdUJhWHlaN0dydkVjZDhmcXVjWEw3VlRnQnJXUmZMeElfUUFDalpkVk1xQnVBWXFkVkUwNlhzbmNiMldOVHNLay1FNmEyaTUzMGQ0OXBScjg?oc=5","The Times of Israel","Israel","1789031820000"
"Katz again threatens ‘powerful response’ if Iran attacks Israel","https://news.google.com/rss/articles/CBMiqwFBVV95cUxOUHRqY2lpdHY2dkU4UFFudGtlVDNmMG5QU25zSXJwNEhNYi1OeHJYeF9KZ3l4ZTJzdC1PMDBXWVpGVXptUkd4cHRTNExkQ2FSblc2akNzZGl5Y1BoYjBPekNGaHNqQ2tsZGkzRGRRNmxZdHBxV2xKdnBiTzA5Y2FoSkVzeXViazlfRW52YmhYX1ZlVGphcFlVeXJlWGNVenhYcFdBWjg1RV9GWWs?oc=5","The Times of Israel","Israel","1789035132000"
"Qatar beat Iran in men’s basketball as Asian Games begin in Japan","https://news.google.com/rss/articles/CBMiqwFBVV95cUxPWUZ3dk1aT1I1VWsxX1VwaXhMTG9jREo5NVZvempISXpNczRzZThqQXFMZmp1MG1senF6dTFxWFhULUozb3FQQjBZQjlnb1VQS3lWeklxVEtyaV9haTkwZm9FdFpmY0xjU2FJMFVrTUZUVEU1MU9kRXBzR2dUS3JkMkd1UV9Xbzd1aWg3WVBwUnZKQ1E0M1ZHQzd3bXZ3MnNEZWNoOFdvNkptTGvSAbABQVVfeXFMTWJRanhZM2htMXJhaHVObjhVbXJZcXJMbnMyV3ZmRFFUaUdJb3FkZU43dWJpbXZaZkNaRXpIWmFvTVFDMEJsZUxubHNkd2N2aEVud0xwLThHcHpUenFJTVlFbGVOdktUVW5YaTgtUlhIRm55Ukx5VU9iUEg3UnhxeFJHM1B6U0kyYW9DQ2R0cnAtRF80TmlVc0otTTllN3JhQU5yZmF5VDNReXJqMll3cDM?oc=5","Al Jazeera","Arab","1789034838000"
"German branch of Iran’s Bank Sepah insolvent after EU sanctions","https://news.google.com/rss/articles/CBMivgFBVV95cUxQazFJWlhHVkFsWUs4UEFaMEdqODlNcnJBWlptUk5HajVGWURhWnlGUklQS21HVjVLeVQ5bU9aWmk2VC12MWVBdG5nZ3Fad3dUZkM0N2FHV0pzdGZ5ME5IUnFwSVJzMS1LSlBlTndFSTBQM1JzVGdVTHZBZENWelNkTzdDb29BYTRNTTgxWWttMG1TLU5zR1FHSXlKeER6QXdxTlFhYkVSSVpDUElWR2hZMDNpQVZ4aXdKWkh6dmNn0gHDAUFVX3lxTE5CbWcxRzJPVm5fZkItMVVhRXhzZXVJdTJVTEZMNEZCU04yYm9tNG9VMWtsNmc3MGJoMmpUUjRDSndmR0VCbmZObmxzLXplckVPSmdmTTJUdml3NXIzRGtnMUFVcWFDZUpCUjV5UnBrcVM3YzlsdllmYXFUQUU0TW5CQWFmQXM4VGhja3UwczdBMnFxZzNkYU1zOGF3anRqQkZKd0tJRWtnUjhCYU1LQ0RCeWNBSDZyRGRhWk13MlVjTUFuWQ?oc=5","Al Arabiya","Arab","1789033740000"
"Trump's $5,000 Offer to Voters, Iran Warns of Escalation, More","https://news.google.com/rss/articles/CBMiqwFBVV95cUxONGtOc0k4NlI2N1owR05uMEl0Vl9hdWdKdVM0MWJuVXluTW9WaXZhQjNSUlZ0VG4wVGRLMXpUOXZ3RHBuYUIwT2lIRlJGdlMwU1JLYVFRZTBzdW50b19lOGZPQ3N6WG9TUWZiVTc0MEZhemNoVzc2eWJRSmxKbXhWZnRwM0doOVdndF9MdHlFTW5TUWVEXzR4VEt4LUtSenpLcGhUMFQwa2NIZ1E?oc=5","Bloomberg","Global","1789035834000"
"India hosts BRICS summit as Iran war tests bloc unity","https://news.google.com/rss/articles/CBMinwFBVV95cUxQckJSazh5QjVkOTBaUXN3cm5TRkM5NGhqN3NWTUNidU5BX2QyZmNlSHkwYmQ0S2JPSmlFUWl2TWswaUlrVWJCRmkyMUZ6c0U5eTZsdldNZEZHR0cySmg5dTAyNW4td2JzZUNhaVhMaXFJTEpuMEQzZUJDbUhlTXhoMGt5elNXRU5TUGR2XzZmd2xXMzcwR09SYUlzRGlZb1E?oc=5","Reuters","Global","1789035376000"
"Yemen risks a return to civil war as Iran-backed rebels target a crucial shipping route","https://news.google.com/rss/articles/CBMipgFBVV95cUxOTDR3bDF1QWRYQjVJa2JJaFBZYXQ3dUJIY2xxQzBOVktMVjhoZnBKMGJCaWIzTGdZOHpMbG1mOTVKUjF0UXNMaDdxRkRSSGhRcTdRTmFiUVR1QkhhOWhzbWliN2pZOVhMYkhiZzl2d3Nnb25fS29NdzljMzFWVGFkVERmNS1KVTJ4UjhNaEsyUDZYRjdNWTNLLTczT2lLYWhnZWZQTXpn?oc=5","Associated Press","Global","1789035360000"
"Yemen risks a return to civil war as Iran-backed rebels target a crucial shipping route","https://news.google.com/rss/articles/CBMilwFBVV95cUxQVTBIc2lWY09sa3ZndmVxWFdBMHVxMUY2U3dqT3lubzB6NkVQUkJsSzlwU19nSUdNaUVBMUdDcVFGVE5ULV80WGFKYTJXS2c3VGNaOGZmQVIyZ283VEJVVDVNZVpPRm5ERDF1VzNsR0NQUnI5S3JsU3lMb0s5WHhxdmd6WFFBQkpFUEp5b1ZpMkVlZ2xIZ2xF?oc=5","The Independent","UK","1789035360000"
"Iran Shows New Appetite for Escalation - Minute Briefing - WSJ Podcasts","https://news.google.com/rss/articles/CBMivAFBVV95cUxNMXdtT1RrbjlMUG0xSmMwY1pMY0tyRVdldF82WVpJcDNVbDVST2FzRjZYekV0cElWc001SEtMNDkyRjVFVGhBQ2N5ODA0UWtkaC13X3B4LWxxOTJyNkozMWIwTVNMbGF2TzV5bEFUOVNTUkNGMkhsX0VDLU9OQ3N5Yk5LZXFLS3dvM1lGRFBUWVp1M2JMTmxaNk1oWWpvc256TmVwbHB2clF5VGdJR0V4UnJCby1UeTVkRmw0OQ?oc=5","The Wall Street Journal","US","1789034580000"
"IDF intelligence Chief Shlomi Binder's crusade to block Iran from getting nukes","https://news.google.com/rss/articles/CBMibkFVX3lxTE9pQ3FlSlV6Sm5RcGhtMmMydWJKdmhua3FWWWMyRlMyY2xDUTFXYzlJY183cDY3N09rV1kybFVXRWNwS19qWmh5SU5uQ1dHT2tFZ3lpdHVOWVJMVVI5akNNem5zSjBIVHpwR0hYODVR?oc=5","The Jerusalem Post","Israel","1789038039000"
"Iran's defence industry cannot be destroyed, will thrive stronger than ever: defence ministry","https://news.google.com/rss/articles/CBMiwgFBVV95cUxNNjVodUpoVXBfdUVhRjQwekNPUGNYcFYxX2NLbG1idUVXemllZUk1UUUtV0pwQUd3eEQzMWRQN3Jsa3dxUFBKYXRPY1c0ZW5xWVNCTkt0aHIyRkFTS2pNTVhwXy1yYjh3bERXZS1yZGhvMEdNVmx2TnhuVjF1T2pfVVdmRVFKdzExZzg3NnE1LTBudDFCbHBIWWdWanRlYi1jbDY5R0FMc3BxVlUwVlNhNkpKUGR5LVlGTUd4cEQyZG4yQQ?oc=5","Dawn","Pakistan","1789036738000"
"Iran’s government opposes bill to expand definition of ‘enemy infiltration’","https://news.google.com/rss/articles/CBMiugFBVV95cUxQLW5Wa2MzRjBJdVA3QUdLcEZGWm1SZnFiaXZNX3NCODRBNXIzeG5IS0pZbm9BMzIzRFdXQk1LTE9KU1QtSHRBNHQyczQ3WjBmbC1vcUx1R1VmWWJtSjBiZnZnTjcxZU9qTDItMzhFMVpMaDY2SE1veTNETFlRbzdMY2JsR19ZZlRRWGtTMW1Xa2E0X1hRMzFzSUdNbVItdUpHeWZyYzlsV1E1bFlxTXNEZFUxRDhBVkxJeWc?oc=5","The Times of Israel","Israel","1789039896000"
"IAEA accuses Iran of ‘non-compliance’: Why, and what now?","https://news.google.com/rss/articles/CBMimAFBVV95cUxNbks3LTlDZFJuaFloZFRYUF9VdU1zOVhiYm5objZqQW50Y3BSZ1VfT3ZHQWNFY0U0T09SOFNMYXBLNkVzVmRpdDZmQ2xVZ0R1RWNmSHZ5OFEtYUo4NWhhXy1hamk0aWZSbG04M3RhZ185eDNDNFBZZ2tpWF9Zam9yNG5KU0FUZ1ZQa1lZTU16NHJzT0xrQ1NjadIBngFBVV95cUxQdm03YXVNZHliRUVFaEFlVW94Z1hSSmdnWG9BeTluTmhBNmlCT0xmYUt1aWdnSWQ3QncwaDlpTFYxc2NZUlZTMmt2V1pGemwybkhObFZ6NTM2NFNNNGV4RC1sbm1fY3BiUHJnZ3BVOGduMTRxVkEyblctZTlpSmg3WEV4N2t5T3FPUC14WEVPSkFwLU5PbFhfUUltQXJNdw?oc=5","Al Jazeera","Arab","1789038225000"
"Iran war live - Al Jazeera","https://news.google.com/rss/articles/CBMi0AFBVV95cUxOeTZrSnFjcWpLNkFmTjZkNldGZlR1MUh5SzVHeFdlR1M5ZVBQZDFnLXh2UnZEdVdNOWpZNWNaYjB2NHgyeDJ2MFZvZWZaaTBVQ1FnSGtlZzJSQjgzZjQ5Q01LZ1V5cmVwY0JLZm9SV0tVYzNBQUlHY1lRdnZ2aF8yY3puazBRcmJVWFlHYmZxaUhFdHV6T0FMZkdUZ2VzM2xBak1SNHFJcjNOOFB1WS1LcWRpNUpiNTg2UDlORWFJYzcxVy1EM2NDaG5adkJmTjB0?oc=5","Al Jazeera","Arab","1789037216000"
"Iran suspends freight charge on foreign vessels carrying energy products to or from Iran","https://news.google.com/rss/articles/CBMiyAFBVV95cUxOUXZnOXJwQTRsaF9qbG1MR25Ld3EzOW56Yk95anF6NFJuRlhzc05YZ0V3VFB5endhR1NIUVI0MWVPSUtVbUwtb1lPV1AzZXFBY2hfZERIb1QyYm5yT3JWY3oya09CdFVsVm1yRUpnUDAxOFRpaWVvekRsR205cFZRNFQ2WFFrb3pnaU02Q05yaEFSN2JKYXRhQlBhdDRJVEhicEd0djU3VHVDWElLUUJxcl8wcWVzTldDbHcyM2xVd3ZYUjZuWldEUg?oc=5","Reuters","Global","1789039129000"
"Iran and US Set for Extended War With Neither Side Ceding Ground","https://news.google.com/rss/articles/CBMitgFBVV95cUxNOW1wa3pxSGg3RzBxekJYVWJicm9nTHFOTlJFdDNJbFpVY0xIQ2UyVU5CVVZKYWJtTGVFY0U2ZEZZR3I3RnJCa2NOZ3VHRUlxN2tEaWdmMTJsQVNVblBpMUFtRGVVd0M1b0tIX3RGeS1Ub2Nia0RUQUVmZW5oT2VUODNhSHA1MTY2bml2dUNJLWFkQS11eW9vOUtGbzNmeUVQd3U4TXllcktBNlJQZ0hTRy1IeE4yZw?oc=5","Bloomberg","Global","1789038762000"
"Iraq Tendering for Two Oil Supertankers to Go Through Hormuz","https://news.google.com/rss/articles/CBMisAFBVV95cUxOWHpadVQ1eU1LclF5cjZXeFhmdEJOYzJSOGUwYmVURzFuMGtXVVladnBDWTZ3SllhdE1jX0t1QWxLUXNKTk5uMF84YzBtTlhuV21abm8wZ3YyTTdkQnJjaXhPdHJ5dnEwQ183MVBveG1YVkxhWFJUZERsVy1menlkdUpJU1hYNzZTcjZENFl2ZTk0VER2OEtGMUFwV1R5REcyVzUwZkpjYmtldVZudzMwQw?oc=5","Bloomberg","Global","1789038753000"
"Trump administration races against time as fears of drawn-out Iran conflict grow","https://news.google.com/rss/articles/CBMikwFBVV95cUxPRzRmQ01HOWpQNnZWbmhxTDBjS0pILWtCcEJhS1Vwd3ROZkozMnhTaWxvSHUwZEU3Tm5LMWpYTGNKV21XM3BuNTkzNmlxak9mQ3NzUzA3eDNVQTdZTFRGVUFqQlhoeWd2MS1ObGRFTGs4ZFZEdkg5WUVGbzhJRWgtSU0zdXlMS1FuR1c3ZmZSUUtxUm8?oc=5","The Independent","UK","1789039800000"
"Iran suspends freight charge on foreign vessels carrying energy products to or from Iran","https://news.google.com/rss/articles/CBMizgFBVV95cUxOcUVPTGM5dlE0bUtJYkRHampTZ3hPdV9iLURqaHZJT1AxdVV3YjQ0RW42OEs2S3VPTWRGQTV6cjk3WjB1eWZsZHMwTnByX0kwSTkxQTRjVl9CLUZPRHFieHY3TjFGYWowY3B3S2UxZlBSdm1VV052NkxoXzR6U2hrcUxLNGFKR2tnZWFHcFBtY1FkV3FQeEhRMEhBMEZ3RGZ2WlNmMTllRkRfM1NnZklaanVxNW5lSWxvSXIyT2poUUMtOE1Fb0JSTnFURFBBQQ?oc=5","Arab News","Arab","1789041950000"
"Iran Used Oil-for-goods Deals With China to Bypass Sanctions, Sources Say","https://news.google.com/rss/articles/CBMiiAJBVV95cUxPWnlGQjR4TlJkbFAzMGN6YlVyUWxCbnFpQ3Z5VlRQbUFRaGEyT0FtUWNFaFpXNUNEd2ViQ2J5WktCVXBQQ2YzTXpKbEtmN3BkbXFUbTkybnliZHJQLU5mZzcwT01xRVozZS04bTBJdUhKZkVxOERHY2FWeGVISExvUWpFRWh2QW5seHp2M3lOQnR6cEdvZUN4cUwtYi1nNG9QdEJKY1dnQS0tQTI0N0d2amFkWkd3d1lnbEFTbUJrWldxN0VKMXlQQjhPZEdTMG1aaUZlVDNCZVhUMXFLZDVYS3lzQUVuLVBSY0t6MVhXWkZLal8wSE9iVm82bjItU3pDZUFhc0dER1E?oc=5","Haaretz","Israel","1789041720000"
"Trump's Iran campaign echoes the post-9/11 'forever wars'","https://news.google.com/rss/articles/CBMilAFBVV95cUxORjNtVERsWUtId0RUSU9tX0hUbm9zNXE0RjhGVXd0LXJDNVp3UElKc3dXLXJrMmhIWTdhU2E5QXZqUFdNWUtUejAzb000QTlMQ04wV19MVDc2aVpzeVVWd2NUdkdkclE2SEcwdk9faThKbVU5azVJaS1BeGhDQWprVGQ4NElRc1BEQmJBUUlIb2puU0FD0gGcAUFVX3lxTFA2dFJWaUlWUkRIVmJ0eF9JTUZHY1B5eXdtaUV2eE1lTi1lTFJuOTItbHl6TXlIZ3JVX2Jyb3VsTmV3bk9LN09UT21FeHFJYmJzUVRrVGZ5ZVQ0enQ2REhwZWRxOVh3bWd2NFhfYkFlQ2xCSjBJc0hGNktBMnNsVEpRSXdSVW5ZSlZramRWZGJxNTNLRzFUY2NNbWpjdw?oc=5","The Express Tribune","Pakistan","1789041490000"
"Lessons from naval history for the escalating US-Iran Gulf tanker war","https://news.google.com/rss/articles/CBMiakFVX3lxTE1tRkx6bGNxT0k4UmdVcmpyYW56MXpOaXdGWmttQmZtUzlOOTZnSnlpc0xOcU5KUENrdXg0MXBHb0ZabjZ4QnBFNi1hUUFxWDdGZ0hmaGlPYmxLSXBna0RfTDdQVEpqUUowWUE?oc=5","The Jerusalem Post","Israel","1789040875000"
"Yemeni forces obtain intelligence, maps showing IRGC plan to takeover Bab al-Mandab Strait - report","https://news.google.com/rss/articles/CBMiXEFVX3lxTE0ybWNOZU9EcVkxTFdwUlJLUXJhSHRXN0tid0ROcHlzaE5ac2R6SWx0czVWR3JPVFh6di0zcVFSSWpvNjZyTnVIN2tHb05oWVVNNTc5SEhLU2ZPTHh1?oc=5","The Jerusalem Post","Israel","1789040799000"
"IAEA reports Iran to UN Security Council over nuclear breaches","https://news.google.com/rss/articles/CBMiwwFBVV95cUxOMEhQMy1JQkhwaW9ZbVB4M1l6SGlQYmhnaEt5SGo2d1VUMHJLVnIxUFVYQ0NmZVNodlpVX3NXblh6MFFuR1Q2dHRmYVdNdllkNTAwWm0ya2UycEU1T2Nwcmw0TU1vbGdMVW1IelJsajZKXzZOcDhsbmdjX0ZKeVhpdEh4b0VkVXlGUjNPcTZUVWJOODV1b19hUlQ5cTdSYkplWm12YXBEV09uMFRpWTA2Z0FTZUltb3pwMkZrU0djSVk1QmfSAcgBQVVfeXFMTmh6RHhWQzVjNTBwaGlVSmxDYnpBNkl1MFBzUk0tOWloc2pyR0tQaXdzMmNUSDZRQmFMTVB4VV93bjJtZmxXRHF2LXFjX3Q2VE9tYW5UdjdoRHZxa2NLNVFIWGpLQ0t3Y2ptcEs5R2E0QlZtMFFPQmg1Tk1Id28zQUxFSkpqb1ZlMGFSSEk4eDNvV3M0LTIyZjZBWkZNdWJyZEhaUGUybGxhb255LVJnZWlPQVBzX2YyOVpzTzZTaVVBVmFMT041SDA?oc=5","Al Arabiya","Arab","1789040700000"
"Katz wishes Iranian civilians new year free of oppression in Rosh Hashanah message","https://news.google.com/rss/articles/CBMiXEFVX3lxTE4tdTlvbzRuU18tVGFBRUdRdGFMMUdzLXFlRzk3a0NCTGVOSndQUFZEdUMwNXBRTnZxV3BEd2JidzR0UXFjdkRTb2ZQcFVIZkVILXFXWEM5UHZDWWwx?oc=5","The Jerusalem Post","Israel","1789040279000"
"India to host Brics summit this weekend as Iran war tests bloc unity","https://news.google.com/rss/articles/CBMipAFBVV95cUxQMlFOZDdmWmZINktyZURqU1pTYnR2YXM5TTI1SHN2VXpWckZISnNnZW9jR1cwdFE5MTVyclZfYzBLMEJfM3ZFQzh4dWExTkhDdExpSFZ0cGstRTBFdFRJOGlVWGRJVllZQzdjVEticnVVUW1IZFlUS0FhY1hZcGgwUVFMaG1sakJxbTh4VUxtdkktQkRKa3FaSkJ3UV9ObkI2b0Q3cQ?oc=5","Dawn","Pakistan","1789039456000"
"IAEA accuses Iran of 'non-compliance': Why, and what now? - Al Jazeera","https://news.google.com/rss/articles/CBMisgFBVV95cUxPUk1uQmVYYXh0UDRrTEhNNjlBRjJYNVhoWHJXdEhORk9pRUJnUFhwU2FjTXVwZm9DQ0l4LUlTcVI3VC0yX2wyZl94M0FwaXpFLVUtUW8yVU5Md2VRRUs2clNsa0xEUkxYaVBBc2xFYmY5OEpQRjRqd3pOaDgyc1E0dTBCTElQRU1DTjd0OXZCUzV1a3FUdXp0TXRvSTdhVTZweFdRd1lRRnk1V21Mc0lYSEJB?oc=5","Al Jazeera","Arab","1789039417000"
"ECB Lifts Rates for Second Time as Iran War Drives Inflation","https://news.google.com/rss/articles/CBMisAFBVV95cUxOREt3VDZmdlE5MUZFOEpScDN4MERPWE12bTNhYXZLMHpyLW1tRUExWERWamVlSHJGbmViaUx5MHZYU3hjLVFxLTI2RDlXU2U0RnlsbTN3VkRSX1BxaXJQdjBqdVhFbHh0S1hzMWNoMzFyMURrSjlWb3RxeG0zUzNxRkVIaGw2VXJvTXVXU2ZvSlh4OWI1VHZib0QxY09WcjdKUzFlODZ5ZDhxTUhKNjdKSg?oc=5","Bloomberg","Global","1789042520000"
"Yemen’s Iran-Backed Houthis Sweep Toward Strategic Bab al-Mandeb","https://news.google.com/rss/articles/CBMirwFBVV95cUxQMzRaY3lhemZzTjU2ejRXaWQ4X3dENFhURUY2dnh3YlRSOFhPZHhVVDRiRDVmbW5xa0J1SUFUbjhPNUEzNUl2Uk9zOWFOdVRpM0xhazBENDhUY0stcnROM2ppaXc4aWhHVjJSUy1HMmRwcktpbFBzZUJzd0lwRm1iZ1BYa0JsNG9zbURhWUdMNEdYeng3QmxGaGJIVUN4NVVrNlIwS0dsekRPV3lVSTJn?oc=5","The Wall Street Journal","US","1789041791000"
"Trump says if U.S. military didn't strike Iran's nuclear program last year, he'd be saying 'Mr. Supreme Leader'","https://news.google.com/rss/articles/CBMiVkFVX3lxTFBRZ2owbDZ2WkZrbmI3R1hZdzZOcTFHcnMwTlI5a0U3MjhEVVlUT25WRHc0U2phemJLWXZDdHNEZnVoS2F1eDhhVlBoc3QyLUhkUU81WHRR?oc=5","Fox News","US","1789040954000"
"Hormuz shipping traffic in single digits, data shows","https://news.google.com/rss/articles/CBMingFBVV95cUxOM09lREp2Ykp6YU51S055UnhZd0NoZ3ZCdElTbEpoNnR0NWRrb3JPZjB5eGNtZmVxWmlxU0QwTk11RVFxX2hCelRSNkloTUthSkpqczhSelJVYmpROGV5QTlUSDFXNHZtZ0FCaHVlUFljU0R2b1pIZ0pNTlBockFKejdFVmxLMFhrSU1WOTV6S2hrcXh2X1BsOTh0LVdmZw?oc=5","The Times of Israel","Israel","1789043500000"
"Iran and US Hit Tankers in Biggest Wave of Attacks on Shipping Since War Began","https://news.google.com/rss/articles/CBMipwFBVV95cUxPR3ZNWEFxU0lENWcxeVhBdFRWMXlxeTQyVGZuUkNuRzFEal9KZ1BBTGlsel90cFZjdkZ3U1l4ZFZQZHQ5U2xaekcxWHM5bW10ZXNtZ21XY192OGxaTTQwWC1lTnBITXFHYm12c0dDdDlmZEZacHNJVXE0Q2NTdk1CWHFiLUJRWGJWaTJGVHVkMi1xbmdrWWZhS2p5elQtTUcyZXJ1bndVRQ?oc=5","Asharq Al-Awsat","Arab","1789041600000"
"VIEW ECB hikes rates as Iran war adds to inflation angst","https://news.google.com/rss/articles/CBMimwFBVV95cUxOY0VWcFhfaVg1bHdEUzlqVTlvNlREOFdweDVteVNCVWFCY29MVFJMRVdWeEJuSDAxWlY3cjU4ZGlxdkNremFBTThYSVQ5cFNBaTliSGMwbmJRR0NkNkwtUUhORFFwZ3gwLXJSZnNOR1ZfVDlEanZ5TzFNZ3FsX1hobnkyODI3cE96RkI2S3htVk5LRWNWbmF1c1FvNA?oc=5","Reuters","Global","1789043939000"
"Watch Trump’s $5,000 Payout Promise, Iran Ready to Escalate War","https://news.google.com/rss/articles/CBMiigFBVV95cUxNdF83dUxQZWx2SjBha1RmT1pVbU9aX1dIbGxNdlhPYTF3N2pTVmtPc2RsZmtKQ2M0Ql9hRmxjZDlnV2t4YmI2NjV5dUdNWmstRG9vekdzcnk4bXRQVmFZNWc2MkFiSXQtR012OUxWZjBaeXVZM3hkb25ySHRGRnJydS1kWE1LWmZfa0E?oc=5","Bloomberg","Global","1789043632000"
"Iran ta tsaurara wa mata matakan sanya tufafi a lokacin yaki","https://news.google.com/rss/articles/CBMimAFBVV95cUxPWnZDQ29KZGQwNEpFbzNjT0cyVDFVUTNGTEtaX2JWY0llbUZjYjNkR3J4Y2dPclZkdVktejVpRWNZclgwMGcyTGhjWDR2ay1iOGhBcFdPeGFneUhwa081Q19CTWNBakExbTFMQ0IyWUEyMlh2QWp3OXA2RFBhZlVyMVhCU3pieG44Zjk4al92b3BwaHNHVlZINdIBmAFBVV95cUxOZ2lvYW1uMDRwY3JhLVdGa0pzS0hYQlZYMGtFbmJPcUxMZ0huN1pSTXRhVFR0SFZ2R0l4WWkxS2tmd011R3BnVlJjWHpmNmFlYnRCak8zNGpiR1JfRGt0QWFsbEVrNDZrZmJFUFJlUDI3YXd0Yk9jOS1GMGRGSmUxUVRTMXJ1RlNjLTg2RnZJbHAwamJLQzQ2dw?oc=5","DW","Europe","1789042637000"
"Iranian-backed Houthis fight to block Red Sea passage for Saudi oil","https://news.google.com/rss/articles/CBMirgFBVV95cUxQWUYwT2ZBY29SQkhnbTRHTnIxTXVTWndGampQSVo0VlpHUkdDb0lGTkZOMXB0TFVxcEFFcVpWcUZ5RHNEd3NuZTk0ZnZBaFBWU1ZrN3hGNEdHVGtjWkJ5WF9xMU5tUnJlQWl1U1RGWVZuMkhFbjdvRHEtTmw1a2FmRVJ2d2phMTM3V0hLY3poSF9tME54RkZnand2VUV4TW50YnhueDlnc2p6UUp0VEE?oc=5","The Washington Post","US","1789045556000"
"Global coal demand hits record high as Iran war cuts gas supplies","https://news.google.com/rss/articles/CBMiqAFBVV95cUxQeWNWcElmRno1X2x3WEtjdmxHNXZWNllNUkpxYUtmWEQzTjRIV29KWDc5TC1zeWYwV19UZ19vbDMteWpQSEFNT1Z6bFdDd2FzaGZVd0ZxUmdmWG13dU9KTC1BTWZrLS1rZGZORmVlOGZyTWRpTllQUFhzQjd6MTdseV94R3kwSnhtX1RIRUZmU29PbmdlZWt4VGI4Nm1hUUF4Rk9oM0tNUWs?oc=5","The Telegraph","UK","1789045260000"
"Persistent Attribution Risk: North Korea, Iran and the Nuclear Transfer Problem","https://news.google.com/rss/articles/CBMirwFBVV95cUxPQnRpdDlUZThRTmoxR1hhNEJ5dFNGSzBRS3dFbV9qZTN0Z3A0b25NN2dyZENzdnppa2RVMnU4ajFrNDJ4LTFmMWg4NzdsWGRkdVVQV0ZqVk1UMDM2V2FPLWlTbWN2bWNEcmxzaHdDLV9XLWcweXJYX25oX1ZneW5jb3V0b2lZVjN2VVA3QnFtcEVFZXhjazFBMFlhZmlFdVo3V0tBOWVDRXFaZW13M2tN?oc=5","The Times of Israel","Israel","1789043880000"
"Brent holds above $100 as tanker attacks dampen hopes for Hormuz traffic recovery","https://news.google.com/rss/articles/CBMimwFBVV95cUxNcGQtVFpWcFNCZkNfcGU3MWxCQTJaRWdNTEduQnU2Tkswb1BFQkxza1dGcndVVDZvd0RkYTNiRGdqMm5RZFdFMFZDaEhxdjhMXzNuRTJxdEpDSTRtT05xVnlhbEhZQkFCRWM2RjlteVZLQ3JSYkRYZjZWV0VtalRWbVR6cTQyN21qOE43bWFfSmRhajFGZUZHanIzc9IBowFBVV95cUxQd0ZmYmR5SExSWnpsZjFjam9sX1JSVkRTNHR5RmpiaXB0YkRmLTJTb21wTXZlVkhVamlPSWItX29PeE5vRGY1RDhqZ2RuaVVaYXpaVkpFdWgxNmhFTVJKdGtiR09XUzljc2c0MVJaYnJIelFxR1JHVWt2QWxzcTVUNVA3UkkyNldxSFo1bGcyaGlPYy1nVEVLRzlSZVB6ZlRaSmhn?oc=5","The Express Tribune","Pakistan","1789043522000"
"Trump makes another Iran war prediction as Hormuz traffic dries up","https://news.google.com/rss/articles/CBMiwwFBVV95cUxOTWZYWnNKUmJuZVpSRGdDdUtuRWhUTDJiZnFpQ00wMThEczNQSXBzbHpaODdWTnVyMUJVRTRVRGh1cHUxVG8tMFhOb0FJb0QwQkI2d2VESUUxSy1mc0szaTR0Q0luMmZWd1ltcEQ1RGZuNE1QQVQzOWRDZGJFdVNTOV9ESU9zRFVOa2RnZk9LdUJURGhLdlpKNGtWMkdLbi11VUlpeXc3ODhGNjBnYS1tUVhqVkgzZTJvUDhvcXZrLTlmVW8?oc=5","CGTN","China","1789042308000"
"Watch IAEA Says Iran Not Cooperating With Nuclear Inspections","https://news.google.com/rss/articles/CBMirwFBVV95cUxOeS1xSE5mS3JrUE5SVzZyWTZjaW51OWtwSVZpNXE2QlYtSVhfamUyZTBtdFYwMHIxcEhYM2pCSHBvRkpVeFZ2RDJNcVkwVG83OFktWTRUMG5SRWtRM29lTk5kVVZvSTA2R3M5d1EwdDhDT2E3OS0yWkxxNWtyejRaREZBNXk3UG1vWFB4Z2loU0xKSVo3NWN1LWxYdFFfVEluV0NZNlJ5dzkwcFJTeWFB?oc=5","Bloomberg","Global","1789046194000"
"UN Nuclear Watchdog Confirms Activity at Iran’s Pickaxe Mountain","https://news.google.com/rss/articles/CBMitgFBVV95cUxNTEgzMUYxX0loZU9qeTJHU0cwZlBXOUEyRVVDd2syXzl0T1NfRzZEZVFhZm9MY3hrZXZNR3BYZklHZDViVk1fcmxxdHhPOVVkd0lrMkFWSUgzQWhoOHdQMGZkekxnYjdIZVJsSTFaLWJlOF8xR1Y0emx2bC1MSXh2REJadlE4cjljZFJSekxiVnM3Mzd0M29BbGw5LXBnSWpNVVhray1XTEVldGdZcWpaTHpDZVlCQQ?oc=5","Bloomberg","Global","1789045593000"
"Defiant Iran seeks to bruise Trump ahead of midterms","https://news.google.com/rss/articles/CBMioAFBVV95cUxOTmZFZTZwWXVPdUR4M1lLb2ZfM0NfNnp0ZWxhX2Rib2VOa3oyVnBxZ1AySURiR0pTSXZmaERWMjlBc2J2UGZyeUw1TUNXVkNUQmNldUlyNXlaWEx6dmUxOUsxNktLYnM1WmNqZG80dXEwZzVXOUcyTkE4TUJzamRucDN4RGUtbzE3TDg4Z19BSGlSdHQ1eVJWRjJOVTZVZkxj?oc=5","France 24","Europe","1789045405000"
"Watch ECB Hikes Interest Rates for Second Time Since Iran War","https://news.google.com/rss/articles/CBMirwFBVV95cUxQdnRNWGp6RThLdk9Qc3JPS0xqb2ppM3UteUxQYUlwZnZzLV9EaXBqQklRa01La3RwZWJLb2tVaVFaY1c5NVEzRGdaeXZCZGtpMUVLZHFTWXg5Nm0xNFRCWUJaQ1QyRllCeVdYTkFWZHZTeGdTVkhXRUUwc2JIU21JTTEzWDZVYlN0dlRKUDI5czd6d1hUaWw3OUxDenhWZTdMSFJHc1oweEo2aEZ0RUpv?oc=5","Bloomberg","Global","1789043897000"
"UK police arrest two in Iran-linked national security probe","https://news.google.com/rss/articles/CBMiX0FVX3lxTFBhRWdDQzNmUTJQU2loWkh1VEpQMnhrRGRRWHBwOHJ3N0x2cVVIc2t0eHF4VngxVGdfQktjdzRka1F1c2t3SlM0N25mZ1g5ZmZqcWY0RlhieW5jdVZrZ05z?oc=5","The Jerusalem Post","Israel","1789046465000"
"UK police say two people arrested in suspected crimes tied to Iran","https://news.google.com/rss/articles/CBMisgFBVV95cUxQYjZqRHZIYWIxYVhncG9acXNfT2xDaGxXUnlxUlRob2kwOUFvM0ZHaFNNdnpDMjN4a3dndENEWHFRREpxVkxDZ2piZ3JhQTR3d1JleXV4MEd1Ti1EVEt4dlJWQWk5dmN2RVN4LVVCdG4zUjRrZjdOZDdDbE1lOUhXYTJDeFBaX1pxV3plSm9CSGR2VXpWQjRtUkFVRjV2VDFhTUZ2YXhEdDNNbllwOWNYdTRn?oc=5","The Times of Israel","Israel","1789046154000"
"Trump says the war in Iran will end in November. He may well be right","https://news.google.com/rss/articles/CBMiqAFBVV95cUxQVnljUkhRZU9MTTREcUNqT2pXNmhldzd1QzMyMWRyVmdIYkZiMV9fQjk2SWZoT21abS1zNmp6dlk3dWRoYWxkOEVETVdDMndHSHltdG1FR3hXdnplYjAwV1BmZlFKNGl5SHN0T2RqU3BwTGVyLS1oM1NZRVJuV2UxcXVIRURQX0xDTUszNXZRVThqdEpMV2Fwc0IwTW1aOVNjYXZMeVdrZ2s?oc=5","The Telegraph","UK","1789047480000"
"Counter-terror police arrest two people on suspicion of spying for Iran","https://news.google.com/rss/articles/CBMioAFBVV95cUxPYndhVFBKT0d3QXNUWjFYOG1oQVZkMFpETk9URjRZeENjMjNIajdMOC0wdzRIRWJWUHhXZVpUSUhwM1M5amVqYmlqY3pwRDN6VkMxajhxMUZtZGVKbHVJellJWXNmT2h2eEN3c3VXX1AyYWlBd0pvcXZWV0hHdWo3Q2VOTWVkcE92WG9VUlhkeC1LOGxERlFsbXhxMkpXbFV0?oc=5","The Independent","UK","1789047480000"
"Iranian missiles intercepted over Jordan as Tehran hits back at US (Video)","https://news.google.com/rss/articles/CBMilwFBVV95cUxNNW56T1ZfLXFueENaX2JNNFJlX05TRGkzNTJWLWxHRXFrV1VOdi03R3dRd1pUa0ZPazJ6MXRMOUJ2QUp1czRjUkZWem1SMjcwUUZieXdRS0kxYnJnSG4wV04wY2YxN05rYTRabEZsSjRYUTNZaEhocjNJX0UtVU5sZTBIZEo2OTY3VDVfSE95cE9uS05sMG9n?oc=5","New York Post","US","1789046325000"
"Two arrested on suspicion of spying for Iran","https://news.google.com/rss/articles/CBMimwFBVV95cUxNcXp2OEJsQV9MYU1oaGV0Yml3TWpVTzBQaDRoN0ZzclUtTUhtUG1CdC1laUtfTDk0M1N1a0hDM3RMeUZuTXdzWms3Mjk1N1F2SzRxZm5YOGVUZTlSRmtjTlk4T1h3YmlBbXpSVGxRa1BFVV9qTGNzYXRIOUE3eWpTdTlZUFdLNTdEVlhFMjJGOVZSY2VlaUM5ekI0SQ?oc=5","The Telegraph","UK","1789046160000"
"Man and woman arrested in London on suspicion of spying for Iran","https://news.google.com/rss/articles/CBMipwFBVV95cUxQVTNzVFgtRDV5aEJxeWIxbWpkWS1ZN0JwSmdFQW85SEkxVnF6Nl9vaVI3bjZZdW8xMGJMQ1FTLXBmbGdKdmJfQXdGNHFlNFpxNXBINmMxQXFaY3ZVbGRzeHBZWGdCNTlvZXcwSU8wWTV0U2lVcHlidURnODUwSmhKWnNid1hweEhZWjhtMTd1M1RvbTJ3SlVCZzByYzk0THA3aV9RdjFtNA?oc=5","The Independent","UK","1789046160000"
"Two arrested in London on suspicion of assisting Iran's intelligence service","https://news.google.com/rss/articles/CBMiWkFVX3lxTE9kT3FUWHBuVG5mNDRDc254OXdKVUZKYnZmMXpscF9LVU92ZlZJRWZZcnNSWlpPdkg3ZExqanYwZDJIZlBDYjY3NjZzcnh6MjJxYVozNVlJUWx1dw?oc=5","BBC","Global","1789048089000"
"Two arrested by UK police over suspected National Security Act offences relating to Iran","https://news.google.com/rss/articles/CBMiwwFBVV95cUxObjN5Vjg2bUdlVFdmVnlnaFhNR0FVNnp6QnRqaDBQVTNwc3hQa3ExNmtnekpQS2E1dVlUV1Q1dG5QOUZveHBUdVpVaEk2bTk4eEpMMjkzRXRET2pzS1ZiSm5tQnF6Q3d4d0tFZHp2M3U5bHBMTW9raW83Z2htcFBtZTBmUDE0TmZLX3g1eU5ocjJzX0NEYmp3MzJCVWx3OEdVVEVSNWJJQU1RTHBSemVHQl9HWnNwVUEtblJuaGp6VFN4b2c?oc=5","Reuters","Global","1789047031000"
"IAEA says construction activity observed at Iran's Pickaxe Mountain: report","https://news.google.com/rss/articles/CBMiqwFBVV95cUxPTnk2ZXQ3VzNQc0xMXzZtNE5iYU5GVHN3c2JwalNVb0ZvRnlvYXA4SEFkWGd5WDdEcWdqUDJNZE9MSkRfTURmR2Y4TFNsT2ljOWgtOHl5UlNfT20xLTk3Q2tkS0tsU211QUp6U0NOV2pwanZaSEoyZzBOZjd6QkdSdjd1Q1FiaDNQRlU4bXAxV2pHQmxiUkwwUXZLQ3dGOGdwWW5KNVFOM1NpZFU?oc=5","Dawn","Pakistan","1789047669000"
"Two arrested in probe into suspected offenses relating to Iran: UK police","https://news.google.com/rss/articles/CBMiygFBVV95cUxOYmdiTWlZZVVuLTdxbHhXX0NnNmdCNWszOTFPVUY1SVkyMElfSk9qNUdWWXdFR3NTS0FVaUw2YktheUlJZjJMbHdkR2NUNE42dHJ6MDNwZmx4ODRWX1BGVl9kSkx0aENZTzdvTHBmV3pqM1dxTnBiaHZJSUpoQVlBaU5SRW9WbEJqeXZLRGN4dTIxS0dKRS11UUowa0EzR1hhSkVYczJqX0tQN29fZXBZS2xxVWlPWWFDUG15RkV2bEN4U0tmMS1qcW1B0gHPAUFVX3lxTE93bXRwaUpnSW5hVEkwZ2FldjZJNDd3ZFgwWl9STF92RVB3YU94VU1Ga3NZVUJZelhtYU80X0l6Y216S2tpUERMQ3pwTmFUQUdXZERiT2gxalFXS2VJeDNKcy1UT0ZDbS1RTTNNTGNuNVpWN3JYcE1xbVlxbnRDRlM1WHdPQXFNcDJnYkVFVFFnOEt5c1EwN3I4ZFpJc2YzakhuNlZPdGdRUEJwdVRjcmJ6OVNPWV9iVldkVHVTNkoxREpqYmMtWGd3c1VyWUJLVQ?oc=5","Al Arabiya","Arab","1789047400000"
"US denies involvement in reported explosions on Iran’s Qeshm Island","https://news.google.com/rss/articles/CBMiVkFVX3lxTFBkOEVGbWtoRjRteUhpenNXcEpxeHBQWnFDeHExTC1lbV92UGEzTXluYy0zMXFTbWxsU2F3bjRBb3pGR0dtMkxZMEVleEhUNVhZU05nVWZ3?oc=5","Fox News","US","1789049477000"
"Violence erupts in Yemen again: why it matters globally and how it is linked to the US-Iran war","https://news.google.com/rss/articles/CBMi1wFBVV95cUxNU3ZBS04xWE41S1lLalZ1MXZ3ZFN0dVpqSDJrMGN2TjNHdm9CaGpGT1JiVDk5M0VYbURiOTlFVy1VTTNSeUdOQUFWeXdXRnBhblNRWXRBUVVLTDZXbE5zTEY5Mm5zOUFELVNuZ0FPQjBxYUNIV19Yd1ZQSG5KWnd5Q0FmNGZNdWMyUEZCdUh2ZlhYb3g1TzFCbUV1Vl9JcENnRlptV3JiVDl0aE9VazFmeUdqUnhOdTB1Wk44U3Z0QWJYQURxMUVlcDRDbURSLVZ5eFBEN3VGaw?oc=5","The Guardian","UK","1789049400000"
"Two arrested in London on suspicion of aiding Iran’s foreign intelligence","https://news.google.com/rss/articles/CBMirgFBVV95cUxPUTBSWUFGbzIydXNTYjV6aUxoX2pMS3NsSnBxMlBQZU1HWmM5RG01dUtqQzlpcHJqTnkwQ19vaUszQTBaa3dTdTdMakxqX05oYU5Td1dPMHF0WkU5Uk5KcVVNUVA1WHBRXzl1Z29jU0Y4bV9fNzMzb2xDZU9zSXFhbHBxY0YweWlJRjRuendmMU1tc3YwN2p1MFA0clNCOHZBOTFpWWlTaXVvUWdQWnc?oc=5","The Guardian","UK","1789048440000"
"‘I’m spending my savings just to survive’: Iran’s economic crisis fuels new protests","https://news.google.com/rss/articles/CBMimAFBVV95cUxQV2ExOFBKeVMyOG5tY0t0eEtPcFVET3dfN0NVOG9mN1BVUW1pVTlCVUZBOHlrZUd6VXdRWXRnZGFKSm5XakRfX2hiQnRZVk5WZ2RrMHB2NXNhbjNzRVFSenQ1eWNxX2tKWERMcEdkdTNwS3lLdTlZRXlxTXlBajNDdkVMNXNWWWxXdGNUWmZQR1F4WUNCUDBHbw?oc=5","France 24","Europe","1789050609000"
"IRGC declares end of defensive phase, says ready for rapid offensive operations","https://news.google.com/rss/articles/CBMixwFBVV95cUxQdm4zQ1JINGNfOS1jTlJya0o2V19VOXBhOWtQVVFIOHY4RWZuZmFpUzR6UmVBcGZfX2dsTFlYVXNHeVMyeXFfcmFlcTFkQ2ItT3R4YTlZUmVvNU80cFMzeHVlQzRVTWNJQWcyakVHajQ0d2RzOHdDamNfMXZyTTg1cmdFWDVkNHh2VWN2QlVVUTViaVRqU3ZOMHhuRjIwcHpNWHJWck1xbUtYUks3bnRuTlc1WFJsX2Z3Y083TUNwRTI3ZWJPemd3?oc=5","Press TV","Iran","1789051140000"
"Iran-backed Houthis Close in on Bab el-Mandeb Strait in New Threat to Shipping","https://news.google.com/rss/articles/CBMilgJBVV95cUxNSTgwcUd3Z2tpTVU0aWxvTzB6WDJpNXo0SFFRUTFuMW5jVDNoTzN4a0hmNEMwNngtQmZROHNYQW1RdmhSMmN4SW80Um1Va09SN3NXTm04NWhHUzd6VVc1TXpmNTVGQk83dW5ZdjZtWUZoWmxkLUZwUzZISnJQcFJ6VzRUWXFPY0o5c3RocUhaM0h2MUNsMnFUaF93dXR2ODFkbld0ZEFhalEzWTc4RWlTMjZMQ2RMUEREUmc4WXZaVkpQVVM4azJyb0t1ei1zamZXY05nT3hnN01sT0lQdUl3WHVBbmlLYmFPX09aVW0yM192NmJQdUFyQVZJNWpkRk9qUnllcEV6OUFhTjdBOVpIUF94bnhzZw?oc=5","Haaretz","Israel","1789050240000"
"IAEA says nuclear watchdog has observed construction at Iran’s Pickaxe Mountain","https://news.google.com/rss/articles/CBMiwgFBVV95cUxPS0dFNHFLZ0xHV3dxX1liamJVTWpMa0RPS2JfaUUwa3RMaU1fWksxUXo2ZDJXanpSUkJPdVRTRjBPSXRWcloxeU9VdGQyOWtzS2tPSnp1TnZEWHprOEFxMEU3MHpEclB0MFlQV2FYWTRxNUxfSHFKSjJaQWx6d0p1b3FNdXhINUZIdkswWVBPZU9fOXBrWnNvYnRtanNxeHNlWTBuN09kMjVFQkpnTXBlYVo2NTdwWjctS2dZMUZvZldjQQ?oc=5","The Times of Israel","Israel","1789049755000"
"Asian Games | Basketball Roundup: Japan cruises, Qatar stuns Iran","https://news.google.com/rss/articles/CBMifEFVX3lxTE9ZZWgwZ2UxWWhFcTFTSkJwY3k4VVp1NVFYeE9RZGZZOUx6UzA4Q1Q2WHpwdExDRWVva2FGMnZkX19lOFZmbTBJcXFBS05wclNsOEp0NTVnMHc4cTZRZnJEdTJiaXQtZEUxOHNVT1YtMXpuYkxBR0tWdXFKZEY?oc=5","Xinhua","China","1789049670000"
"Iran, US Brace for Long War, PPI Fuels Rate Hike Bets, More","https://news.google.com/rss/articles/CBMipwFBVV95cUxOQVdEbHE2Qk5uX2xINkNKT3E4dUhnNngyZDVHb09wcm9Cd3FrRnJldTY1S05KcGRhdERqUXFmTnVyLU5yWHprdUZ3czBrOURNRUJhbkRrRGVhWVlIN2I1UGRscEJWQkZSTUcwYTRZdjJvTzdPLUlHbkpFcGxkWTNNTHdGVW5RQjNmUGl1V2MzaVJaN0tZeGZKUmo4S0p5Q0o3Z0ZsYXN4OA?oc=5","Bloomberg","Global","1789051491000"
"Hormuz Fuel Exports’ Slow Recovery Keeps Prices Near Record","https://news.google.com/rss/articles/CBMirgFBVV95cUxNektIVzR5UmVOQzFoZVZFd2dHclNmY2ZkZGQ3UWhEN1Vmb2lTYUNGX2FsNGJNcTBNU0FBa3FqRXctWEIxQUZGWTVYM24tQV9LOFNiLTA2X3Zyb01Pd1ItRXNhT0I1OHJuNFVadWdNbW5ob1FQRUlNbjN2TmoyY1BZbThGQ0g3Vy1SUGxncUZ0czFOa3dVMWp1Y0JNNUU1cFNHd0QyeTQ3TEN4aThVSWc?oc=5","Bloomberg","Global","1789049786000"
"Grossi: Imagery shows new construction activity at Iran's Pickaxe Mountain","https://news.google.com/rss/articles/CBMiakFVX3lxTE1zaGVoSjVsR09qYURlRU5MWC1sNnoyRElNc1NpLWE3eFRNRlctam5ScE9GZzByMUdXYTJxZUpwRkFDWlNEM3JKeHhwZTZSZWJkTmgtYjJrVXROTEozX1l0RnBCV3NmTnAxeXc?oc=5","The Jerusalem Post","Israel","1789052416000"
"UK police arrest man and woman over suspected national security offenses linked to Iran","https://news.google.com/rss/articles/CBMixAFBVV95cUxNVEZza0w0S1Q0Ty1pOS1uY0R4N1FvWFROQl9LZmx4cDdVbVVzQlVPQ3dtVzdteW50ejEzVXJEX3dhMnV2NTJaSVFhY2RJOHhFbF9QN3pIS2dXNkhGeF9PLXRhM3d0QktKeVFVbm13V0xOelFxYmQzM0c3WWd2VlhrY2x6N0ZMRU9QSXlpX2wxUnFJZjZCRUtEM2poeGpPaXdMak9rM0t4VEQxWU82cFFGY2t5M05nRVYyaVNKRTRpYjN6SFhs?oc=5","Arab News","Arab","1789051608000"
"The Iran War Is Pushing Global Coal Use to Record Highs","https://news.google.com/rss/articles/CBMigAFBVV95cUxPUEltMzBXTERWUml2Z2Q0d0poZFFJTU04WWc0Tl92TldWZFRoZFo2YjdHd29ScHZmTHRESGRFcmFhQTZyblpvYW9BRjFxalpCdkR4bEtUWmRxZ0VXNnBFOHVicHVvNi1CMjJSczJiUGxiU3d0THVGSndkT2Rnd0k5dQ?oc=5","The New York Times","US","1789053056000"
"Trump threatens strike on Iran’s Pickaxe Mountain","https://news.google.com/rss/articles/CBMiVkFVX3lxTFAzRVZqRzFYaV9kcEdzLWtoZG1uUGRkU1l3a1RvdzdtYTV3NnJQRmY1T01HcWtmZXdaMUJqT3lNWWVmMW1RMG9nTVBQUUhGOHdjVnRMUk13?oc=5","Fox News","US","1789052756000"
"Iran’s Houthis seize key Red Sea port as $100 oil threatens global economy","https://news.google.com/rss/articles/CBMirwFBVV95cUxPMmtJazhYMFBmbllMV3FIQ1NoNVVoRGNxUnNVemJ6Qldpc1oxc1dHZVZfUEVsUmNtSlFEcWNCS2IwZnlGVWtpVU1yeGtWSDZtVEh3dktNQ2Vxd21vRTZnUExUb1pHaEt6RXVpQUJnUE8tZFZESjFBTDNJWjM4dkd6cEZkM1NUc3RWVGFaUk80MTNVM1JFRUxBUGVwVVNQZE9rdnRKU2gwdVJyLUlqTFlZ?oc=5","The Telegraph","UK","1789052700000"
"Iran attack on base in Jordan damaged American military aircraft, US official says","https://news.google.com/rss/articles/CBMi1gFBVV95cUxOTW1fSXctOFNCRjhhazMzbDBlMXBWVVlEZzNLS29ieEdiZFdidmMyeVVySG53dHBhbHlzVnJUTVJyS1c5RWFEcTdrQjBDbFk0QnFXUm03c1E4QmNqSHlMQjJScGxXNF9aTFEteTd0UWY1WWxoUGppWF9FX01LUzFXb2hiRno3X3k5M1cxS0ZqUy1SZ1BjX3FER1FqNjFGd1ppbEhkbURGeURSdzI0RVdFS00zVHczVV9OUWhYejFuRms0VVBsRTcybmhaRnV1WDR3aFdvQWNB0gHbAUFVX3lxTE5FaDgzeUx0WVBSRy1sVFhqdTVLYjM3dDI3cVBsTzVWUGFjZlhCbjNYeXNSVlhVbXJ1VFRfN2hpQ0JaR1VUSmUybU11ekhjeGhwQlhOQ1VZb2dXaEZZcnVpRjZRQmd0X1RTckVUX1NHalBFUGlsRTFldkdPSlVEeXpkbHVZbS1kQU5hMkxQU3FwbnEtbHY2dl8wamhBX1BrNkdWbnhiaUxLNlhnajc1WVpBbDJUMGlRR1RuWnE5bGkxOGJuTFJsRkR4T3doOWhnX3VZZXM0bmMweHY4Yw?oc=5","Al Arabiya","Arab","1789053960000"
"No. 30: Roman Gofman: A new Mossad chief for a changing confrontation with Iran","https://news.google.com/rss/articles/CBMibkFVX3lxTFBRdHh5NTdVbGdlZDRXdnRnTVBHVVNRY2xwYVk0el9lbGNURHR1d2xLRUluR1JkVERNVHV4OUxHUTVjaG5Kb0diV3BkOUtSSVZWc1piUTBtczFpcnFuTDV4WTBscGhkRlYxRW5LanpB?oc=5","The Jerusalem Post","Israel","1789053693000"
"‘The Fix’ Review: A Head-Spinning Mission to Iran","https://news.google.com/rss/articles/CBMibkFVX3lxTFBBMm1sVS1hUlFmbzFwa3JkUS12bTRvc3FnSUE3RXRiS05KMkdDeFBVcVJ0LWdvUHhfUlA4bURYLW5EZUg0R29KR1RRRjBIN09fdVozd01NZllNQ19sb25MNm92UVlYdXRwOVhjejRn?oc=5","The New York Times","US","1789056005000"
"Iran-backed Houthi rebels take over a strategic port city in Yemen, posing a new threat to shipping","https://news.google.com/rss/articles/CBMizwFBVV95cUxONVdMaEYwcEJIVXIwWHVDTEVETkV6emhaSXdtNDdINVdvWFB6SUtNMWpWdHh2MmtPdmJ6VGJ6WjdFVTVncDl4dDRvejJ1M1A4cE45SEN5SGNkMnU3WkZVc1ItMFZJWkNjZ0ZEVHM5NEt5RDBQX3I2bzlvdnVneXlGTVh3WXVkUDhTQTlTS1BjMUxOZTk1aC1hVUpUX2FIc0FLYlVsSC1qV3Q0RnZfTV9leV9zOUs0Tmd4UG1NVWZJVGdYZXljXzB1Tlc3X3dlcW8?oc=5","The Washington Post","US","1789054876000"
"Satellite images reveal surge in activity at Iran nuclear site Trump threatened","https://news.google.com/rss/articles/CBMitgFBVV95cUxNQzllMmZ1YzU5SjA2OUQzQUJNc19jRVhqekV4dkh5NWRxeDkySlJhbEE1UzQ3NmFxbktCQmNtZXFGVjhQVURLN1ZZcDRneTU2WWtGMFpXZmlMTlA1TUhua0VsSjVqajNBZGMzSWtmYVlsUi1jZG95bWRRWl9MR0hGel9Xb1FGRzBaVUlJQ043YldsMVc2RXd6cGJzQkVpQ0prQzFvcjU1eVc5QldNRF9sbUY0R3BPUQ?oc=5","The Independent","UK","1789054680000"
"Permanent five members clash in UN Security Council about Iran sanctions snapback","https://news.google.com/rss/articles/CBMiugFBVV95cUxQdndmXzA4RHd1QUE4SmFlbDE4b1JMRW5MR1p1eUY1OE94NjNIbUN4NDRVR3FWRnRWQ3o3LThJaUp4S1Z2ekZnLWVTT0hwNWZnc0FKVVZfaGRiNnBrZEJidHlKQ1IwRnp5VE8yTi1hY04wN3N4OE5Zc1lIV21EOTdWb1VsR0s4XzJmYTdRUUF0WnFsRlBaWXFPWmN0WjNoWk1mdzVEMmJ6RUVhNUUzZTNfMHBidXIxblBYX3c?oc=5","The Express Tribune","Pakistan","1789058391000"
"Donald Trump wants to rename Strait of Hormuz after himself in taunt to Tehran regime","https://news.google.com/rss/articles/CBMiakFVX3lxTE14UW9zMVNwZk9tb1FKWU5UZXR6UGFuZDJSNlU1cTJfWFFmYnpNWF9pbWJ4VjlHNm5yejdTVUVYUGZyaUlLUS1qYVJwSGVjMV9iUmhkeE1ncGQzMTdnMnFzWVg4WUR6V01PSHc?oc=5","The Jerusalem Post","Israel","1789057947000"
"Iran-backed rebels capture Red Sea port, tightening grip on a key global chokepoint","https://news.google.com/rss/articles/CBMiiwFBVV95cUxPZEhpT3Roakh4QTBSRmE5Q3NsS3hIcS12MWEzMXRhZHRaNjZPRjJuXzJ6T0RtdDJwQnpTWmlWaGlKZjhhWFU5b2RpQ1ZqaVl4clNHeEN6ZFJUc0szOXRXVGhnZkI2MmRjUHNibmRsTVpUald4RHducEhETkpoUzR1RXZWWVFwUVZ5bkdZ?oc=5","CNN","US","1789058535000"
"Exclusive | Iran Is Producing Ballistic Missiles Again","https://news.google.com/rss/articles/CBMihwFBVV95cUxPVlhkWEszbkt3NkluSFRiWXk4UUZkb0I3MjFjdllTekZUcWVqOEdmTmFvNlQ3YkM0aXp0X3JITFEwNGJjZlRDMnp6UVZSdEdHQm1ic3JJZ2ZKTUdnU0Jfc1NRNHlTV3RSUUVIZEU4S2xJSC1VM1Q1OVQ3dzZvYjg3aC1UUXhDRHc?oc=5","The Wall Street Journal","US","1789058040000"
"Houthis Seize Strategic Red Sea Port, a Major Victory for Iranian Ally","https://news.google.com/rss/articles/CBMitAFBVV95cUxNNWdzb1JYOGV3bkxIQ0FoWUpXcHFiTWVmMEQxaW9IeDUya2E0UVVvS1J6V3NESXZhYnpOVlNRNTRCN0ZtcEZDS1dJb3VFOGlJTkFwOFJyLVFpN1pxSEdNbWV6WENVMVYtRVBsaGFJcjlwWWFqaXBtT01CdG5GeUNIY2ZIR00weWE2QldKY1dQYU00UEplMzVyc1lGbEJyUGNRcFAyek9QRDdIMjVtbmtPS1FMMXo?oc=5","The New York Times","US","1789057247000"
"Iran targeted US Navy ships 3 times this week in close-call missile attacks","https://news.google.com/rss/articles/CBMirgFBVV95cUxNdTI3aFhUdWV0b2FpS295Vy1jU2k0WVg4NWVqdjA0QUdGUXc3eks3RGx0ZTV0c21KeVQyNW9TVk54Y2dtQ1JVSjZYZXpqbkdoZE1TWE1CU1pNNDFpRmdac3hUTE5UU09UenE5a2lMSFdFamQ3VlJSOERyRXgtNk9jam53OWl3cmpxZURtcXl0cEg0TzdQb3hmQ3Jpc1E4aVhHQXpDSUludTcyZjk3Vnc?oc=5","New York Post","US","1789056480000"
"ECB raises interest rates to 2.5% and warns Iran war is fuelling inflation","https://news.google.com/rss/articles/CBMiwgFBVV95cUxQUXYyQndqNHNWeFNoRDFITkpSSkVhcThqTTEtdTk5dzZpdXdIeWVEdndJRFZXZTBfN2c0UGlvZTJKQnlkSTI4aEMwRTFNODlxR2NVQjAtZmtwdTNpV3VjOTFtLW9nbTdVaDMwZmxReGFzN2xNRnBpbVktaExoa0Rad2s1QXJESXlzekxZbVloZWlxUk5ZOVVDS0g3ZWpsZWZjUmd0S3NyY2x0bFkzZTFFX2JHMGwyaGQyRkRCeVQzbm5ZUQ?oc=5","The Guardian","UK","1789055880000"
"Iranian arms and advice helped Yemen's Houthis seize key Red Sea city, sources say","https://news.google.com/rss/articles/CBMiygFBVV95cUxON1UxOEFocWZUYXJVTUdzcW10bmc3SGRzLWdXOFBUMjUxbVAyOUFrZTJQMXJpeFI3U1BheDVPYzdzOG5yOG04TjU0VWpCS2hBdDlmd3VVcV9VYzZXVjN6dHlSeklJR2ZkdWRlaGcyN2dFMjlHbFpHbjVybUJySmZTSGowSFNRYUhBQm9IajBENWFQeG5KOF9zNTk0NFhUYzFEOXczbHFpb2tPaW1ZSDlmUXgyZFRVNUZrNG1SSnFWZUw3LUh2LTdRNE9n?oc=5","Reuters","Global","1789057856000"
"Watch Tina Fordham on Iran, AI and the Geopolitics Supercycle","https://news.google.com/rss/articles/CBMirgFBVV95cUxQd3RRYWtkbDVYUVQ1dGxaVWVGWE1vQ3hBZFFiNWJsdVJUUDFFMDlPNEt3U05xOXZURW15eS14LXJjZW5EVTlUT1BQdFcyVHhBWldMV1JacndiQUxkVHFia1VMaEVYdGdteVlkamhkTW9Uc3doMjV3TUhzckMxOG05c3g1bUdfT3FLT1VKOTFnN1NGNThZNXlrenVRazFUYTRDOUxEMmd5bHRRTWdlVVE?oc=5","Bloomberg","Global","1789057693000"
"Iran has resumed underground production of ballistic missiles – report","https://news.google.com/rss/articles/CBMitAFBVV95cUxPZVNqOWNWXy1iZE1QTFh2Und3b3lHU2dwWnZpdzRtNHB5NUFZMnpjRkYyaG5MbVBaNlAteG5zeXhTb1JiM2NidHE1bUlSQkkycjVJZTRyX3JBMzhXbmswd0FxZXN2Y3ZlSk81am9leWJQaEFSZEtiRGVLRk9NNDdIZThNZXM2S09Pb1EtbnQyV29zUnN1aFZRY3FIN0pyaUM2SGl3c1ZlN1VkZWg2STFwX2xqdUo?oc=5","The Times of Israel","Israel","1789059655000"
"Iran resumes ballistic missile production underground, US newspaper reports","https://news.google.com/rss/articles/CBMiuwFBVV95cUxPTHlrbnlJazBoV01PQ2VUVWNGY0VWLUNPcGtpZ3BUSnhDMm5ncWFsN1JfQUNRdWdwZXhSU1RaeG9KTmdxbEs4a3dOVW02SDNZYnRKVzA5QVViWUxkc2FLMnN5V2FiOUJuRHVKZ3JmTGh2eGsxazQ0RkkxNUZTMXVpRmk4OVk2UDYzaGwxMDQ2YmpaeTFZR2t6TGlPUE9aLVhIbVBJc0NCNDNaU1hUYlg3STN5QjZoR2lBRGxz?oc=5","Arab News","Arab","1789059552000"
"Iran directed Houthi advance to seize Yemen's Red Sea coast, sources say","https://news.google.com/rss/articles/CBMiXEFVX3lxTE1wa1pZUFNiYXJxd0I4M212dE43Y25YMm1pSjhuOVEtQmpnNlpweXN1Z1FoOXRyUmMwaXptdG1tZ1FZdERqUENvaThJWEpoUmxDcmFvODJHNW55eTZT?oc=5","The Jerusalem Post","Israel","1789059334000"
"Trump denies reports of damage to US aircraft in Iranian attack on Jordan","https://news.google.com/rss/articles/CBMiuwFBVV95cUxPSzRXS2l5c1k3ZHpUMVM0bjJPYWZRRElaWWtPdGRNT21lQXVZMjY4NG1aYXRJTTYxUEFWWVZEdkkzbE83TGlzMmhLcjRuRU9zYlhZSllvSmJPNkczbGhqdktUeE5BeE95NHhiRHU4SlYzU3FBOTJTLVNDOXduSTVVM1VhUWZIUHg0UjVjU2pXblF4eklBV0Mtc2tUZG1LTkdGRHNRUEFpMEx2aGxFOHBrNTdKelBSbGREYUUw?oc=5","The Times of Israel","Israel","1789059055000"
"Trump’s Iran war now has a midterm election problem","https://news.google.com/rss/articles/CBMilgFBVV95cUxNUjl0a2ZyQzNPa3RUbmlVNkhoS1FwMTExUHhWOFo3Y3NNdmVjcVp5QV91ZHFYb3NNZzZnNHQ2WFRnWkZNUHhzUkpEUjduZ2doWlZ6Tm9vQi0tT05KUkV6NUZlWXRQcGV5VDd3LWNOV1pKTlItcXNqMElGTW11VDBWWDl3SC1zZEM1VDdkTENqQ2VYTjVqTXfSAZsBQVVfeXFMUE1WQ2RRVlF6TkUwV0Z3c3ZRRGs4R1otcWVheGJOQ2VxMFpoWlB2NGtUMlB6eVdpOS1xN2F2MUhkTHh1bzQzMElab2xXb1F4am1MOHljVWdRNEp5Y0VkSk5BWERyMkxGUVowbnh0YjNlTGRFSTEyTzFrNmJMa2J6MkxPbGI0QUo0RHlUbnViTnB2OW9SUXdRMUlpVG8?oc=5","Al Jazeera","Arab","1789058762000"
"Iran is producing new missiles in limited quantities from existing components: Report","https://news.google.com/rss/articles/CBMi2wFBVV95cUxQR25jancxbVdFUHdHWFVwdDVRMjdMVHhKYmQwRjVrOTMtcWJWbndRRDFHdmdyLW9aZC12cVhUS3BoendMQ3NRN3l6QmFkZS0tRGJ0TDlMcmZCa1FjRmd1NzU2ckRKY0RsMGNyVi1tTXd6Vzl3akZwcUhWaGttd3dlSVd1V0pUZEpKZVlmM3FGMDlWdFpMRTlVVkVZVzJOSkNmR2lWTEp5Y3hPQ18xaEZ6akoxcWdWVl9mX281ek0yNWlHdXNrWTd0Y3F4MXhnZ1hnakZYUC1NdTJFYUnSAeABQVVfeXFMUFJzYXNyWDRJc3lDbnZLUmVLMHRNd2poSVg3REt2ZmsyaUFxNFFXMnRfS05MTmxONlJIaXFBd3JEQ1V3dnZ5Qk8tMW8wdzZuMDBvVjl3VUJQMUllTGdFWDA1OFd6YXU5dU95RVhnZkRkbE15NnB2ZDlMM3hSRUtOYmU3R1JjUXpIdXBNR294V3FiOU9FV2dIN1lmSlZOZFVhaEI1N0tEWm0ta3ZBMkJocmwtWEFnNFZqN08tUHNQd1RFWWJUOHYzcWVpZEE1SC1VSmpVRzBuYkgtNDI1V0JXeXM?oc=5","Al Arabiya","Arab","1789058750000"
"Iran-backed Houthi rebels take strategic port city in Yemen, raising threat to Red Sea shipping","https://news.google.com/rss/articles/CBMinwFBVV95cUxNNWRYSVQ3NTI0em1SZDNNMlFJS1YtZnNsUHFQdWhuVkM3ajdsdXVubnlmQk1QUllqZm9VUEctOThDRkVOSjNtOGtWNEJzY0xJOVhHeWxVSUU3ZGVZeUVUSGI0NzJhd1lUSTBudzJ5U21WY0RDM3ZUWGZEMVNnTTcwMHlXTGltdldkejBUdU1iNk1XamFTV1ZBblVzeC10VVU?oc=5","Associated Press","Global","1789058220000"
"Israel preparing for possible Iranian escalation over holiday, but hasn't issued any warnings -- report","https://news.google.com/rss/articles/CBMi3AFBVV95cUxNWEFBYVpfSEtKdWlGeXdaa3d3ME9fbHpocHdwU0tkWDJjVXpObmVyVk9BdkdUOWxfVTIyV0ZacnQxeVo1YW5BMG16TDZkM3EwM2gzWjlHUWNUSmVaRGVPN3JlSGtXS3hwcEpQamZYYk1wZWtYYlA0ZzdRSzFMVXRQRjRCTUtuRWFYVHBsZEJwQWx0TnlyS3FlemxRSGd1Tm9JZzJ6MkNKOFFxQi1CTW9UWEE5NXhOTDBUSW5EdGpPcUJNbWJESE14OF92SXJORThXaldWbzg0LW12Y3FY?oc=5","The Times of Israel","Israel","1789062055000"
"Iran war live - Al Jazeera","https://news.google.com/rss/articles/CBMi0AFBVV95cUxNaWRtUElNakJsbC1LcV9iSzlMYjQ2OGtSZzJUekhFRHQxVEZGemo0bjNGUEVEWkdIVzl2cEZPekd0ZHF0UVpoSTVzSXJnQW9PdUNMZnpTT0g4VmMxOXQ3OGZBMFZkOTBGYlNsVkF1dGtjZnU4VVVLdlVycGVKaTlOMVlVQk5wUTgwODlPSkRRcEtkeVFuZU5JSkp3UGVNV1ZqcGpPdmx6NHZiYUdKYlM2Zjg4Undycy1NdUpUSVFvOGRycmVIUUhydkxTbnJ1eEsx?oc=5","Al Jazeera","Arab","1789059968000"
"Iran is producing new missiles in limited quantities from existing components - report","https://news.google.com/rss/articles/CBMiakFVX3lxTFBnSl9JZWt1TWk4UzRWQmp5cWtqSE85YzgyeS1CUHRBUV9hcXBHUFFaY090TDg1MHlLWHVBN0FITUVnNl9PSUxweEp6X050Q0ZsNTA1QmNwcGdnUklTOXNzUVpGYXByVWR1TXc?oc=5","The Jerusalem Post","Israel","1789059493000"
"Netanyahu at Western Wall: Iran ‘trying again’ to rearm, but Israel ‘striking Iranian axis’","https://news.google.com/rss/articles/CBMiywFBVV95cUxOWEV4a3V0b05YSXBLeE5GeU1CRUZuR0VCcUd0S2loVDFoZ3hEZm9ORUVUb3d5OFA4dGJtajN2eVpUYmJNSFlyV2pPWVhNeWhOTEdEdkstVnVSQ2VxQ21CdUhxenJGR2dNY2p2V1A0Tkpmai1yenVqNjVEaDRkUl9fSUhoMDlIWjdaYjZDcE9KZVJtdlFPeFZVVHVQc05PTjh3djhzek90OS1YbmZrT2lIaFFZNzdqT1k3Rk5TcXRvQzdlbDVpS3ZrRDQ1VQ?oc=5","The Times of Israel","Israel","1789063855000"
"Iran attack on base in Jordan damaged American military aircraft, US official says","https://news.google.com/rss/articles/CBMiugFBVV95cUxPbEItSWFqRXhwWVprcm9jLTl0VU1fUTFyZ1JpajlBMTNSamlFTVFIcTN2TEgyNWs5SEdrM2ZXd2lTUHdKT0JxbzljNkJEdVVRamFvWUY3M1gxTGpzT3VIS3FMMFJqckM2Nnp5YXpCS19QWXdSUjByQmdfREZWbXUzOTBZX0JyOFc0N2RRU2xpYTFhaHVmcjJoZmRvU3ZOQldJR3NMdndvWjJrRWhQQ084a19zYVd4cklQUUHSAcIBQVVfeXFMTW1BWXozcVhwdGJGYWlEYWNHRV9wbGFBem0wbndpMWsydzFHeHlIWmR3M29yNHl6MEYzaUZuelA5aEplWlFrY2hSZmg5WGllMUlZNk5rbXRhNFFkaWNxUUtBSUNhdEI3TWdDYXltbHNEQkpUVk1lUGp0QlZXcTI1ZC1mTmRUSDNnWFlrQUtJbU5YZGh6bnh1NlJWR0IxS2NPUWRIWGd5QXQzUHZYMjVrM09ZMDVKZzQzSEpBVDg0SDBVS2c?oc=5","The Express Tribune","Pakistan","1789063549000"
"Netanyahu says Iran will not be allowed nuclear weapon in Rosh Hashanah speech","https://news.google.com/rss/articles/CBMiXEFVX3lxTE9OSENGcVpfZ01vUVdsWnlkbGVUMTJiNDhQOWxnbEhoSHJaRXItNE1tamxjN3AtQ0xwczY3bFVmbFV3enVSbFo5Mlp6QVlSMGF3ZGNrUWNwSzJQX1FW?oc=5","The Jerusalem Post","Israel","1789062960000"
"Likely oil slicks in Strait of Hormuz after US tanker strikes: experts","https://news.google.com/rss/articles/CBMitwFBVV95cUxNSWt2cTh6OGxHanVULUJIcDM5UXdoWjBER0pJMmdud1U5UExpRUNocEFoYVZNUF9OU3U0SXBjMkQxTlVtOTczQ2FMTHpiWmNlTW5RVml3WWNmdUJRRUp1SnUyUURQN2lITXBHUk5neDRsc28yWmIwRXNPMHFXbVFxU3hWSm4yd0RCQXNzVHNSZ3YtWTBzTm81dVNpbDRHdVZDWDg4bXl3ZzZYNzUyNl9faTV3bFpkNFk?oc=5","France 24","Europe","1789064831000"
"Iran says IAEA moves will push countries to exit NPT","https://news.google.com/rss/articles/CBMilgFBVV95cUxONXBmQUx6bXN0ZG9uS0xwd1JoZHg2M01NV3VFMUM3NVpYRzFEZnZwZ0JfZ2VMTkI0cncyMThHYk1rNU9kTlZQcWFlZlpTS0UzMF8zYTJuOEJVSTFvS0IyTjJ6Z3ppS25qdndFaEtKcldmcm5HNXliN3pQaktNNkRDMmxLMS1hYXJMcmxjQ1N4UVI4cHQ0V0E?oc=5","Reuters","Global","1789064029000"
"Report: Iran Producing Ballistic Missiles Again, Oil Touches $107, More","https://news.google.com/rss/articles/CBMioAFBVV95cUxQTm1USVNOd0pQUFFYRHVlNlgzWWlVczhyaEJiZTNrNVhzN2Rkc1pFUFdCN2VjU2hNOXZXeF9CcG9hOHNkZ3RQWWw3UjdpR2NOaFlxcE5hOFlPTnB2bjV1ZnVUbWRhenVvZDh1amJWR3hfRFpPbEVtMEJYZmllQkgzRmZseUdnR2RaZkQtVnNxb0R5b2gwRzBBRi1nUWFpZ3pp?oc=5","Bloomberg","Global","1789063419000"
"Iran warned against new activity at underground nuclear site","https://news.google.com/rss/articles/CBMiVkFVX3lxTE1XTDVidGUxbElWeldMNVlsdXZ5YWRIdmZjSmh6U2RQQUs5dTZVb3FRaEJXT01TZ2FEWWoyblRleE1Nc2RESkZyczJXVm1sZ1k1TF9tX0Jn?oc=5","Fox News","US","1789064658000"
"IMF says uncertainty for global economy remains high after 6 months of U.S.-Iran war","https://news.google.com/rss/articles/CBMifEFVX3lxTE94QmhWVVZLWlBqeVcyWFpENnlCdXNYX0NLc3g5dTlKWkJScl9MNXpidDRPaEdWNzdnemxLQ0JBU0oxX2RCbFRXYW01V052S182YUxJb01ZWmpNMG9SYzh4X1JVYnBUTXV4cmJ6WEZlRmpZWXc3cTA5eVdWZDY?oc=5","Xinhua","China","1789065060000"
"IAEA confirms activity at suspected Iranian nuclear site Pickaxe Mountain","https://news.google.com/rss/articles/CBMiugFBVV95cUxQaHB5MEl0SmVpQmducjNHbkRscDU5YTBMRUp5UkRzbE9QZHpwZlZGdzZsbkx5alRVLVVyaG5RQkk3ejBLQ050YllPWUR0c210WjU4VkIybDU3UzA3VVdQVGhHaXc0WGl4ZjZQSktBQUd1MldOWXppQnNjZ3B4bHZ5NlczN2Nkd1VMbzZWeUttUDlfbVNHMUxUelJCUzRnMWhoZjhjNkJ5bThZeVNVWUl3bllPOTg3VHVLLUE?oc=5","Arab News","Arab","1789064841000"
"Iran warns IAEA moves will push countries to exit NPT","https://news.google.com/rss/articles/CBMikAFBVV95cUxPclBHQk9lS0pmRThUR3BjVWkxRmE3M0FUUFUyNzYxeDI2akZFZUVqcWZOakxUcm1SZEkzanBtSFFuNG9ROE52ZjlHQm5ub2ZFV1BVSkVUaWRYVFRkR0lpcy1JTmdEeTFDYmNXSFRlbkdKRGxsMnRBcmswS2ZSTldRd2JUOExsTU9LNUNVTXIxREg?oc=5","Dawn","Pakistan","1789064124000"
"READ: Defiant Iran seeks to bruise Trump ahead of midterms","https://news.google.com/rss/articles/CBMilgFBVV95cUxPQk5ieGwzbmx1MWdsR3pEc1pZRm92aTJ3eF9kck9NRHpjMGk4VlJRODBvOC1MVkhSTFd4d3MybTBzRExYWm44MDBRYkhFS05CcEpERm92RU1kb2xIbjRYSnQ5dmgyd2pDSWprV0ZvNnBkbU9vMmlxYmRmVjk5NzNvNHdOR0o0Z016dmxCR1pBdUhZTmJpT2fSAU5BVV95cUxNOTRZaGpqaGNZeV9paEJwbmpDN2pLY1JOS3FCSE5NMVpnVVJfaTlJZUdiM3hJekRWbEMxN1lNNWJLTXJYYm1qV0VKQWRtaWc?oc=5","Dawn","Pakistan","1789063664000"
"UN sanctions committee paralyzed as nuclear watchdog refers Iran to Security Council for first time in 20 years","https://news.google.com/rss/articles/CBMi7AFBVV95cUxNUnpaQXowaWlqQ09ab2ZtQzcwN1BhZTZlX0Q1Rjg0UmN6b0lVUUdBb2Z4Q0hyWnhMcFhIVk51aS1wWDA4UzV2ZzJ0aUM2SVNFcjhFRnBNZVpUQ2FXY19QZUYxcDdGV1BnX09pZVNwMmxQSmhuTWZkN0ZOMTA0TmtCZi1rN3F5SkJjRHpXX2h3dU5lbHZpblZZRGJGUUtkd041OEhtbWRiNzEtTFhRalkxUFBTNllmaG80QWtBTVcxdVA4QVZlLUoxdURPdXJoWjAwa21DWFlIU2xzZTN6ZWw0QXdaWEhUT1FGQ0tpdg?oc=5","Arab News","Arab","1789063457000"
"WSJ: Iran Resumes Missile Production, Oil Spikes, More","https://news.google.com/rss/articles/CBMioAFBVV95cUxQSldQRzJ3cG1jOUJQbWltQ0xHMmNnYUdIa2tGaFFJeDJtMUw2M0p1UWVpR25TNjZGRDVNVEpWY3ZPWEpGbU1GS1kyamZFaDIwZ195WDJuRHBvaXVMSmFxSW91clpCU2oxVS01SXptczZ3TEZjemhfRmZMaDJhQTd1UGxNOGl3OXVQM1JkRE01MWQ3aGJsUEdzNUIyMXVXbEdS?oc=5","Bloomberg","Global","1789066916000"
"Carney says he spoke recently to Trump about Iran, Ukraine","https://news.google.com/rss/articles/CBMinAFBVV95cUxPdVZHZ3p3WFkzek96eVB5elNZRXdVTWoxN1ZHM0kxMlpDN1hZN3llRFBKcjRrRlY1Y1I2czhYdzBRSDcwUE91cldXdWtsTklIZk5vRlZXMkEzVDgtSy1qdElvV2N1TUgtRGhyQkV4NlRSenhVanVvU3lkWXZPdkt4ODM3cFBpbV9vdWhMMlZTSVczN0FkdmlTdm14cVc?oc=5","Reuters","Global","1789065973000"
"Iran raises fuel prices for heavy users","https://news.google.com/rss/articles/CBMidkFVX3lxTFAteHZEMnYtOXJUb3E1Q3A5YWRQUkdENXM1cXZoT2M1SEhOQjBjdS1wU3dpTTRvUHNiaUNVTFREeDRQUjVsMU9TcTkta0pabXVFSmR5Z3laZW96QWc0TkRMUlJQZEZNdkxSMHhDWDJwd01LYlUzcmc?oc=5","France 24","Europe","1789065523000"
"Iran-backed terror group’s latest territorial grab threatens second global shipping chokepoint","https://news.google.com/rss/articles/CBMixwFBVV95cUxPY3JZMFlXOTg5QjhzWkZaSU1sX2JxMHBXd0g2d05wX1VkOUpuZEl1YmUtRUtaWUZxa1lfRnBKSkk4U1cwRXBfY2xCWmJTdDNNLW5NSXBFMEFqSXNkWXBFdkJSdjJ1VnRvMDFIVE5TazZsVzZfMHlnR0JfVWlIMTJJVXJKMjg4Ti1FQ2l0LXpnSm9PVlo0RzdwazNGMXJISFUzUElRNTJrVTZQMzFnTHM2V21GbGRNSlRzWkVabWNUTzFnTUM3NVRz?oc=5","Fox News","US","1789067036000"
"EXCLUSIVE: US expands intel, targeting support for Saudi campaign against Iranian ally","https://news.google.com/rss/articles/CBMilAFBVV95cUxOcDJyVVhLSUZweG9aLVBYejFueDZ3Qkk0OTA1c3J3RjhVNGhhTWtJRGxqbUdrZ2RaSktQY25FMVphTTlCS0pmUlBINlZQaXVMT0p3ZlgySzFCdUZ4a3l1ZTJZTm81NldOLUswZHE5YU83VFA2elEwUjAwUW1DWXp5QWNlSl9WdEhWUzNMMmRxQmlPUWJ0?oc=5","CNN","US","1789066854000"
"Trump says he has 'no regret' over Iran conflict","https://news.google.com/rss/articles/CBMiVkFVX3lxTE1NRzl2bGRYRmQ0NzZIZlk0cmY1VjJPaVRBeV8zZjBzNmxFQkt4QTlqaEprRVREcnNHVTRoN2dpVWlwdHBiY3dldTJ0STIzSzFtbHJXLWt3?oc=5","Fox News","US","1789066541000"
"Trump says he has 'NO REGRET' over Iran conflict","https://news.google.com/rss/articles/CBMiVkFVX3lxTFBuYVkzaTlNQko0M2R3NGs5VlZnT1l6Ri1pOHU0UTNFMFhoS2djUFNVWXVNdTI5Vlo5RHh3TFFyUm1WY3NwSVJEbTB2Y2tZVWNDMUtoaWZn?oc=5","Fox News","US","1789066454000"
"Atlantic Seams: How Africa’s Gold Feeds Iran’s War","https://news.google.com/rss/articles/CBMihwFBVV95cUxNak8xZFlHaWJpanZ6dWd5eFFPNkxoalN6eFBQbHBWc3ZtTE40ak1tRHVHMGdSZk83UzF0VUlYR2VxQ0ZTVDR0MVZQeUtuZ3lOXzRmVElpdk1WYVRMdlM1cTJ3NDhWOEZkOERoUGhwRXl6eUhYUUxpQmR6cUF4ckFFNk1Ca3ZMWVk?oc=5","The Times of Israel","Israel","1789067760000"
"US slaps new sanctions on networks aiding Iran’s proxies in Middle East","https://news.google.com/rss/articles/CBMiyAFBVV95cUxPNkFINWcwR0VWUlAyLWhTSU5oWXluXzBvYjk4WUhRRUc5M0t0ZnFGQm9Bb28weUMzbXFEd3pfbFdJR0hTX0otVU1UMVYtTDBqQ2R2T3VkczJFOUJKMzEtTW5lUlp2SEV0Xy1zZkI4UzFKcjRxc18xSGhQa0cydHlfRXNkTE92ZDhMVkpOalprcGpEUnM1VFFuYmhYalU2MnJIekJCdlRTM3hBRGtPMm92VGpwVDFKYzVIZnBSWkwzX0dobERWSGZvMtIBzgFBVV95cUxNQnF1aFFLVzA2Nzg1T3J2OTc3bEJ5WG1DUF9UeEZ6VDZyMkZJS1lWT1otWVBkaHItcUEtQXg1d2JUZnNRQVh3bmZCbzU4U0xpMlJ2bTlPVnpVQ2hIVTVWNC04akQ1eWFsdG41WDdabTI5d3NqaFNwRE1QV2kzT21PY0ktYlJFS3Q3TGp2LTdtUVRzQk93RFBYMFY5Q0dldlZhbU9pV0NMNGg1bDRvMzJxQk5JYkpXaUxrSjB4X3hnaU5SRFRXTW9kc0hfYUFUQQ?oc=5","Al Arabiya","Arab","1789066200000"
"US slaps new sanctions on networks aiding Iran's proxies in Middle East","https://news.google.com/rss/articles/CBMiugFBVV95cUxQQ2p0aERlM3VXMFFWMkg4ZUtIejRIWDdUNUtlbnkwLWlyTWFBNGMyUzBUVnczaGdsNGIxcjJNT3BIekZrQXhOVEdwY0ZaQ0RZVmE2SW5RWTdLN1F6M01vbXZyMXF1OE9XbHphN1dnRWxwWmNyV2V2WDg3dGVOTDR3TXd5dDFwcEl6X2pxd05LRmc4d2NkUzFMS3piTFg1eWppdW8xNWNHd0VYZ3EwOFM4a19SMmNkeE9TZlE?oc=5","Reuters","Global","1789068616000"
"Iran-backed Houthi rebels take strategic port city in Yemen, raising threat to Red Sea shipping","https://news.google.com/rss/articles/CBMivwFBVV95cUxNeU54ai1OUkJWeU41NkVxaFA1Yk5qU2FaSGNCRFJnSk5idVktYlhfU0R1TmVrTmJHekJoX25JTV81ajlsQlFWVVV1QzBfN0FHbHBmbGRsWjFpTDhzbGdVc2JPWGNHWXpVRXVnc3pWRV9ScE5QOWdSYjgzeXRaN3NybVd4Ry1vNWVnek5yYjdUMXBjRmh4Unc3Ql9oUl81VWdGNXJ3aEwxdXgzdHBZY1JXUzl0NDFOSWVrSDBld1VQZw?oc=5","France 24","Europe","1789067625000"
"US slaps new sanctions on networks pro-Iran groups in Middle East","https://news.google.com/rss/articles/CBMioAFBVV95cUxOWGRBQVlWOG1rUkxCTlM4d2dCRmd2OHJJY280UmtaZERPY1B0QThjWm1oMGhWaHJzV0hWS0dJbDVUTDBOdDM5OXVMSnlRbG9DRlIwNndaTEw3RUtsYUc5U051TEFheW11UktuS2tIRTN4SXE0Qy1jY1JzbjB6NV9pS2c2ZWp2TVdVMWgzd0g0b1VjNERqUDB4QzlzRzRFT0Mz?oc=5","Dawn","Pakistan","1789066877000"
"US slaps new sanctions on networks aiding Hezbollah and other Iranian proxies","https://news.google.com/rss/articles/CBMiwAFBVV95cUxOX0RTOUFkenNLdnRFZk1UaGFIckVCTUJqX3ppNGtrTklXdHpfSXRpZDdHRmVwSXg2YXVmNG5SS1RIb092RmkwWE82ZUd1dU9TVC0tQjA0UEZSbXZpX1FSZ2hNV2o0NldCV1Jrekh0eDRpUTNUQUQ5Nm91WFNJRy0yMlZXZWFIcy1nRXdnZ3pVc0JrMFo0VUp3WmI3WUJremwxbGpFNWNDYmU2UlU3Q1N5eGx6a25iWEEyUGN6ZlpzSUQ?oc=5","The Times of Israel","Israel","1789071119000"
"Skeptical Vance said to have sought direct intel from US generals on state of Iran war","https://news.google.com/rss/articles/CBMizAFBVV95cUxNSEM1WHNsSkNBNjF4Z3hmVjZvR1d4OWEyN3VYVGl5SnludnBYWV9DM09rMm8yWTNoS3NicHRIMEdkQjZLSGpncjl2d19yQmV1dlBzYmF3TjdTcDM3ZG5vNzhNdGZEVFVIa1RhclhPdEw4T1VreVRrM1NtZkNxWlczclpESWhXZEFTS0M3VURHN2l3RFdWeHVMNmZEZDJtckxqenRZdUJZLV9EbDVRQzFuZmZVdmRzN1otOWU0MHEwVndLckpvVUpRV1BDSHY?oc=5","The Times of Israel","Israel","1789072021000"
"Iran war live - Al Jazeera","https://news.google.com/rss/articles/CBMi0AFBVV95cUxNbUI1V3QwS0hzMTFmbm41amRhVlZXQzByd3YxbDhNVkg5MWZ1UHlZY1pSSzk2OWh5VWtQNlQ3SVJkNTdxQnZxRWtoNnp2QWVfTjRRNXhMRll4Sjc5OUlfYUdBa2JCTi1ZWE9aU01PbGNwenduRk5nTjVRQjl3SzYtZEQ2YmdYVkk3ZzMwZWNTTmxyWk9jcnB3c2NTYzhoU3dMMmFJRU02Q214SG9hTGVHX1dxcTRPUVFYX08zR0g1NlpNZC1sUEJMVmFnVm4zX0xu?oc=5","Al Jazeera","Arab","1789070469000"
"Construction surges at suspected Iranian nuclear site","https://news.google.com/rss/articles/CBMiswFBVV95cUxNNjFtSEtHcHhuYUNqdHRUanEyRnU4cF9lVEh5dDNhZTN1aG1YSnRLdDNlMVM5dlRnc25EVDQzUERONzg4Q0JuSk9CMzdxM3VOaUdXZUZQamEtRHRKdmVFSVMzMGdlNmt4UDBHemJ6T3YySEwyMHdBZGpJa2dYc182Zmk4cGRIRXFBSXp0QzRkT0V0S1pQNVRnVjZzbzVoTHgwbi1WdlU0TzRTM3ZtdDZBV19jYw?oc=5","CNN","US","1789073820000"
"Iran War Pushes Bond Yields and Oil Prices Higher","https://news.google.com/rss/articles/CBMiywFBVV95cUxQMDRVcUVEUHFQZzF6bUpiZFJRTk96WUFGVjZTMGtaVDRjU0lLSnV2VHJRekJyVVFhUTd5UUpINkt6aDZGdUtkWVdGLXBqSzcyN25qbjJhT19WWmcxRjgwMFVnbnlfcjliODVxdUFtbjVCVXNWdkt0azA0eW9XUXFlU3R0UWI3Smp6aWpYZElyUWZTZFJPdjlOUkROcXN3RUdzNXFsS3VpR2RJcElXTDh2Rlh3aUJKVjA2cEZiSTJzWTdCclM3YXhIZlJ0cw?oc=5","The Wall Street Journal","US","1789072920000"
"Trump says the Iran war is worth the price. The bill keeps growing.","https://news.google.com/rss/articles/CBMitgFBVV95cUxNaDdtM3hkMy1QRlRva2pOdWpSTHFuSmxuR1RZOFZqWDE5cDZnVkc3V2g5Z0JLY09sRVBGUXBTSk5DY2dsTmN1S3RDYWdWVktOcVlpeFNZdXNVYkVkYW5uWHNSYVp1RkNNcl9MSjFWVGdiaUFRcnFkZmRydU1COXhXdHQxcmJRTldNOHJFb1A3SHVmUlVVbXVqZGVQbWhYRnJPOVpZVTBnQ1gyWUY3NDQtZ1NiX2JFdw?oc=5","Politico","US","1789072200000"
"US slaps new sanctions on networks aiding Iran's proxies in Middle East","https://news.google.com/rss/articles/CBMiakFVX3lxTE8zcC1WbnlienZIZnJQc3hFU3hpOTRlcjk3NXF6dGZSdk1rNHZ6MjFqZTc0QW9SeEtfWkVUaWtCRTFBVTJ6NE9ROHhYSVdqcDdtZG4wMjVFM2kyUVZabjRuSUxURXlsNG16Y3c?oc=5","The Jerusalem Post","Israel","1789074477000"
"Oil Climbs as Markets See a Long Iran War","https://news.google.com/rss/articles/CBMitwFBVV95cUxNZkEyUGtlSV9HcnppUFB3TWI4UVFZNlVFN1EyVFdyUFMzUE1RdnR5aUdPVmJEMW1jVm9FMzY4SEFVN1NFYjFzWE9SaTlIcGpkSnFDdFFWV0NwMEtuNG5oRXRzUU1sOFdxTDNCUHkwNzZTRWhEYVFSRXBhUU51dVd0X2hjNS1kMldvU3lKSGFqSDFuMDJBMGdjY1ZKLW5ia1UyVWxUT2JPUnFhT29JYjh5M0c3TElwbGM?oc=5","Bloomberg","Global","1789076025000"
"Iran's IRGC says hit U.S. sea drone in Hormuz Strait","https://news.google.com/rss/articles/CBMifEFVX3lxTE0zLW1ubllDZXlCdEQ3TXBKVzl0RTJBTFRkU1NvMEwxSTBfMWw2czlDQ2Y0cFNiR1ZFUEhaTFA2SEQzSHRTUGZ6S3EzR2JqcHdGX2pTWm1sbWxzZnVBSXpzdGJ5U3FxQTlrOVZjTnZJN3lxQWN2VW5rOVVxMWM?oc=5","Xinhua","China","1789076805000"
"Iran war live - Al Jazeera","https://news.google.com/rss/articles/CBMi0AFBVV95cUxOREFsTVhWZGpFczMxZ2VnYWJvLWZQWFpWcDYteGJFYXZ3ejRiTXhsWmM0VFZJLVM0eXh1LWZnVDRfTEZjYld6cDd3cktVNXNKNHNxQlM0bVZFU3lUbGx3c2dXaXM5U21fb1UyQU9xSV8wWTUydjBTSzE1UEh3cUlBRnJQbVVVR2VLcU1rREVweHh5UFF5WWlKQ2lXS0tSdDAybVFGWWl1elFvSHlTWVR0MndlT3l5TTlhRUlmU0FzSHltU0lnMUNvSFBEQldtWHJL?oc=5","Al Jazeera","Arab","1789075033000"
"Iran back producing ballistic missiles despite US claims after Operation Epic Fury: report","https://news.google.com/rss/articles/CBMioAFBVV95cUxPRDZSdWFTQlUzeDNEaksyR2RqSXNNSEhMb1gyQkEycVBzbElPVmo3QWo3M0lGZE81bnR4WUhET2x3R1h4YlpWeVhvYnNiRXdjeFA0MmdaSW1Hdi04VWFsLVlMbnZmbVNUTEh3SVVramdtM2lLcjFLOFdFb3EwdHFNaHRXalJ1dnF5b2dXLW9XeElyeHJOZzB1d0t2TEc3eXRZ?oc=5","New York Post","US","1789078320000"
"Significant activity seen at Iran nuclear site after Trump threat","https://news.google.com/rss/articles/CBMinAFBVV95cUxNNW9lTEhlYVFJR2VlOTJPem9BcGVma0xSX0g1LVozLVVJNWExN1J4enQ5NG9rek42M2NCa3pqbllRejVtODVyZlRWYjN0bHktLXlRZGs0MzFVNTNld0puVHZZN0QwZ21kejZaT3VLR2hCaGdrZlZXY01lM2tCV1JIMXJScng0Q2Q2bktENHRHNUhGQ1Vpb0JXTVpVU2U?oc=5","The Independent","UK","1789078320000"
"Skeptical Vance reportedly sought direct intel from US generals on state of Iran war","https://news.google.com/rss/articles/CBMiaEFVX3lxTFA4SnZtbUNzN21BbENkX216OFdoa19EMkpYMkYtVWFsTGVLNWVZcXB3QXBIZkVXV0pBaUFiWlVsOTFUYzVlaXVnekhGQjBJMXhHUXdiNlpjS0tQR0pzM1oyTnktbjFqWHdZ0gFuQVVfeXFMTlJ2cGhSWE9iaDI1WmNZLXRZTDVWR2FNbktYRWhaT1haaXNORl9YN3pxY2prVnRVRHEwZThVOWY4b0J5LU1COGZ4NlA2VjcwajZkVTVpWFlTYzFWU1N6cmowZ2xjM0cyM1FYd3pfckE?oc=5","The Times of Israel","Israel","1789078038000"
"Sen. Bernie Moreno on Trump, Iran and the 2026 midterms","https://news.google.com/rss/articles/CBMipgFBVV95cUxORkY5SDJUVGF1SkJtLUwwR3Nxd08xZ0R2MjRNZzRLUGZBZE5QVW9FZU9mS1dORjBZMXZwdkozcnNEMS1HMEhpYmJjZXNoenJ5QmE0NzhiQllZR0ZBLUQ1QldzWUF2ajdIOVhSaDFRMG1oeFhYQ3NCVnN2Y1NveklaMVRkZEtDV1BVVGJvR0FsamJHU1RjOG9UOVpKMmdTMzBBbzNMckZR?oc=5","Politico","US","1789078037000"
"Yemen's Iran-backed Houthi rebels seize strategic Red Sea port city of Mocha","https://news.google.com/rss/articles/CBMihwFBVV95cUxOUmhxMGpwcUp4ekxXQnBpSUMxazB5dnZfb2JVQThIb0c4Tk15TklsNDhyVmEwMHFTV3kwWm5JUExnbld4SkVIQ25jakVoRzNNR1UtLW80R3FfakwzVTVTRnZ3OGJCTGNYUWh0VzFHd1FQTUktQ1lPZEJUeWxDcWMyalBDazVXZGc?oc=5","France 24","Europe","1789080900000"
"Watch Rep. Crow Thinks Congress Should and Can End Iran War","https://news.google.com/rss/articles/CBMiqwFBVV95cUxPYnlQR3M0VVQwOXRPTElCOUZEM29HSWVOcGxtOVZLRFZTTkRmbmhNUlNyZFhhcFdSWXlNc1pLOXVWWmRaWWdOdTdEcW05SnFfUVdxMkNwdWpWemRfVzFqQjVpcGh5emV6ZGtDb2pjT2I5NjFBR3lfUkRVeDdIMENlb19BMVdXVnFkNThKVjR4Q0ZyXy1YQXZSWDQ4bFI4YUp4Qm5Uck0wVWVxY1E?oc=5","Bloomberg","Global","1789080541000"
"China calls for political settlement of Iranian nuclear issue","https://news.google.com/rss/articles/CBMifEFVX3lxTE9yOXNqUm15T3VnbVdIblo2Y3p4Y2VWNk5FNVJ5c3RWdGdDMXpINXcxSWI2ZF9sTUJVU1h5ZkNvdUJ6WVdMNDlnVUlBT1BEbm9IT1VyOUdwZm90VVJDNzhEdHRQMnJEZzhpQnZ0WFdiNEoyRmhDYUY2YmJLQTQ?oc=5","Xinhua","China","1789082595000"
"Iran-backed Houthis seize strategic Red Sea port city","https://news.google.com/rss/articles/CBMiVkFVX3lxTE42ZTJOSko4SzVocU1vQ1IyWWJNN3lRRUhUWWx2NllYVGZVZnRsZm0xU1hGODZQNFNiY2hQZWU4emo5Q0xMZmQ5N29wZElxVDZoNnhLdGd3?oc=5","Fox News","US","1789081035000"
"WSJ Opinion: 'In the War Room' After Six Months of Conflict with Iran - Video API","https://news.google.com/rss/articles/CBMioAFBVV95cUxPa21zaXBTdEttRXRlY3FleWZ1ZDI1UWtndXhYTTNNZmdsV0xUTC10NjY4QW80LUh1X0o2bEQ5LUF2eXl6T1ljcEJTWlkzVjk1M1VkNE9ydVRaYXdCVUhNS2ZNSmt1WkozUXVHUjZocFVRV3VkV1dpS2UwaWo0UUltVk5mcmNjcWJkUTZfaDJXQ2ZHZXRfbUZaVk9yVmw3U3NH?oc=5","The Wall Street Journal","US","1789080332000"
"Trump says he has no regrets over how US prosecuted Iran war","https://news.google.com/rss/articles/CBMiqgFBVV95cUxONGxFTXA4Ml9pOFBnQVdibjBSRXhoVkYtVDJIM1BLenhRSU04Z0Z5SkxoUGRINENYdEprNm9TbGVkdEtPRWdxUm4wZ05qUEZHZXRmVkJrSDNKRmRZWW9fMHRMNUFua0hNOWRuTGFvTEJYRWU2bTk4OUR5NjJKb3RFazNFSVdsN2dJeVIwNmtzUmFtc0c3d3AyRnZxWEVMMFltNlVGUUlWampGQQ?oc=5","The Times of Israel","Israel","1789084337000"
"We Are the Ones ‘Strengthening Iran’: Clinton","https://news.google.com/rss/articles/CBMimwFBVV95cUxPajVzZHNNUEtMbkQ4Zi1yZDBKcjR1aWN4aUVpcHJLVUttOEVlcTNQU0hnSFJyRmdyWkpHYk05OUJpWWk1NmpUWEd1Sjg1NXhrNll2QkZDMWxxM0tQR3dWb0t4S3RmOS1ubFh0czRFT0I1dG15OWNkeFBzZmU1cF9kUk9PYU1kUGEwN0VicjRSMThpTlZzeFo2NThYWdIBoAFBVV95cUxQbXNVY2VVOGl3S1M0UEdvdTNHWnl0R1BFRnNWTkprTVRlZjB5RVNVMTJmMDFBNHR2NWk4ODZ2YXp3VkpNTG1QbHZJSEVfMXI1d1RjQ2tfb19BZll6cG5HeTdXUUV3NGxlRGZvUWZ4emY0ZU1JOUpYMl9wMlZsWHp1WHZGVUlGVEswQUhJSWRic0JWdnZhSWVqZkhucHRzRTRi?oc=5","Al Arabiya","Arab","1789081366000"